,Video,Mean,Std,Diff1,Diff2,PCAd1,PCAd2,Label
O1,T1,0.843183804441455,0.18523454879075,0.012202633987362,0.114445893037333,0.017396068314324,0.102196905767579,Genuine
O2,T1,0.859247296683856,0.106346558458623,0.00312500370266,0.213641982143903,0.017051654870223,0.107497455827171,Genuine
O3,T1,0.848618881105861,0.12974385002514,0.006686824090196,0.059411090789547,0.017846061115099,0.108473761107451,Genuine
O4,T1,0.867164075787208,0.097040699727385,0.002018243226668,0.26251193521887,0.017393049019241,0.107333250451118,Genuine
O5,T1,0.942066990206642,0.033818945123276,0.001624616544408,0.297624212616467,0.019180101357281,0.107843949509934,Genuine
O6,T1,0.951012434600938,0.026814496146548,0.002342989654896,0.248028517016916,0.019654097216447,0.110083281250017,Genuine
O7,T1,0.927832155249871,0.081066830157377,0.008304516258954,0.058214582735732,0.023763900716228,0.117403626459977,Genuine
O8,T1,0.892237572553523,0.072701130865739,0.003660452063625,0.246356597310725,0.018727973387083,0.117156376373527,Genuine
O9,T1,0.855487735280795,0.064754501448032,0.006904646411754,0.188945121164145,0.020742094865819,0.115274586195227,Genuine
O10,T1,0.931013656320805,0.035632090851726,0.003222121177115,0.299637025616071,0.019778044486159,0.115637464761435,Genuine
O11,T1,0.880834918810639,0.069839248218575,0.008309271423013,0.156376786024702,0.020439343191635,0.116319051848121,Genuine
O12,T1,0.897395170557175,0.096907364612069,0.007503846141119,0.053304319034713,0.021523186855026,0.100903704556402,Genuine
O13,T1,0.796735267568153,0.179561727210155,0.011265953011582,0.08528920599889,0.02169370322938,0.145860831445093,Genuine
O14,T1,0.89277221337726,0.129042945923606,0.009057129368894,0.048921394551412,0.018530473619207,0.122681203783849,Genuine
O15,T1,0.854998009679265,0.240556781545339,0.018883227848458,0.079709435871584,0.017306471159616,0.12975331787691,Genuine
O16,T1,0.835922633748866,0.219926322408456,0.012230960877574,0.091151812542985,0.016672378506307,0.120248978476245,Genuine
O17,T1,0.860957824768378,0.145448349516935,0.011196032466609,0.055665888779103,0.024721071851022,0.11750925245689,Genuine
O18,T1,0.947856168086231,0.0291920972616,0.002605546781213,0.312870916351886,0.019426321502205,0.109663324312554,Genuine
O19,T1,0.919745113199605,0.166849919298776,0.012210599006944,0.058298932210089,0.017125461523014,0.096947158974324,Genuine
O20,T1,0.877605993790649,0.056448239884555,0.004806090005354,0.29777607075351,0.020145581306994,0.117553717381415,Genuine
O1,T2,0.919049707382508,0.05834729507144,0.003662644576415,0.263130387998392,0.035342204974757,0.165053638708721,Genuine
O2,T2,0.868695490189936,0.062198575755225,0.004067309914292,0.3323803251795,0.032569157651107,0.170640353496624,Genuine
O3,T2,0.91347267897247,0.056901418743022,0.002295301500872,0.282629279326032,0.023890935019832,0.078165139936348,Genuine
O4,T2,0.819297396035186,0.131654067314512,0.008211293559977,0.05047592970579,0.023327554283346,0.12388771321137,Genuine
O5,T2,0.970519889666728,0.016119742489865,0.00154865909885,0.235025850246979,0.035893060947135,0.16018729807034,Genuine
O6,T2,0.960472153919914,0.018621500278266,0.002715987607818,0.297179623725939,0.036477520799143,0.168126505896194,Genuine
O7,T2,0.919160473743666,0.138141858196002,0.015329525870503,0.084709555596393,0.057349421350144,0.178454975311174,Genuine
O8,T2,0.910479642027682,0.043058386824094,0.006592549946891,0.061421398583187,0.039212150099027,0.173207889869267,Genuine
O9,T2,0.950820716030213,0.022033443827892,0.001877700857343,0.273956496545684,0.036083433733254,0.159784512379117,Genuine
O10,T2,0.967269534920728,0.016963811977361,0.003074708326128,0.29489698223002,0.035918728223804,0.162551526800577,Genuine
O11,T2,0.909183222347026,0.037497138665187,0.005510991129376,0.229917840998133,0.035342601434034,0.163833932779314,Genuine
O12,T2,0.936013805468392,0.022154270404674,0.002472648547633,0.310034524772075,0.035589901383791,0.161688528071097,Genuine
O13,T2,0.942083215827524,0.032239723589405,0.00208690367448,0.197278995273413,0.035310844188684,0.161298976305768,Genuine
O14,T2,0.8867471890279,0.052708545567692,0.002261737262957,0.339904482273377,0.033591219609139,0.161344807775731,Genuine
O15,T2,0.81650176052993,0.283406671366016,0.016134499878989,0.100826517496546,0.033614522917195,0.15591862794334,Genuine
O16,T2,0.815654495471616,0.295215982468136,0.022186861483186,0.157902232840313,0.029140100202431,0.153279710001024,Genuine
O17,T2,0.897511029278683,0.084598138445468,0.012307205978354,0.10091469187943,0.044666692880024,0.16765292228468,Genuine
O18,T2,0.953310726108127,0.040465003500914,0.002824680700492,0.248028842118788,0.037128562553413,0.158767147722809,Genuine
O19,T2,0.886130426658121,0.135185924160919,0.012022325638528,0.065217620891027,0.02868969356208,0.139296447193578,Genuine
O20,T2,0.931881482715294,0.041468499852958,0.004681822654137,0.261165770173068,0.037644139336567,0.174397913867413,Genuine
O1,T3,0.877807514099485,0.170826483892235,0.014715575554179,0.072166012501649,0.030735309506729,0.108064343232232,Genuine
O2,T3,0.903452520454241,0.07364141948575,0.003352883195175,0.278111323344648,0.028080315406245,0.094963379773426,Genuine
O3,T3,0.892936063545092,0.068172924740264,0.003053168119161,0.204865638406296,0.028640554472378,0.095894822158511,Genuine
O4,T3,0.883173321415312,0.06471249938012,0.001984692012367,0.278592120578461,0.02856455230962,0.093846005209646,Genuine
O5,T3,0.97190885025832,0.017383324413017,0.001430524408719,0.269191792305436,0.028988430949752,0.094011452234479,Genuine
O6,T3,0.963100940880059,0.017033881647467,0.001977241413229,0.309700254957743,0.029584056099013,0.09425597626892,Genuine
O7,T3,0.926335349772739,0.117813252666011,0.010531530575311,0.057318136952302,0.02972951077354,0.092972110813144,Genuine
O8,T3,0.837815186339621,0.197577465409281,0.016707770573919,0.133432061133837,0.025953212600457,0.105135411870421,Genuine
O9,T3,0.940829658021311,0.042952860231418,0.002844048136083,0.219930297531656,0.028365283905627,0.094909349561027,Genuine
O10,T3,0.920147090681562,0.050812801230957,0.002479245081744,0.300260177987122,0.028899606463186,0.094876143107359,Genuine
O11,T3,0.829086887249704,0.085628159552243,0.012756855143415,0.185666950447582,0.036531082155943,0.12065449905173,Genuine
O12,T3,0.934695460839789,0.03920438361042,0.002488637232537,0.292253511308986,0.02886404080985,0.094164282511035,Genuine
O13,T3,0.806004630391061,0.20850632168913,0.012835471397621,0.080562146160055,0.025104082964499,0.080665844238824,Genuine
O14,T3,0.919992481154615,0.034437048322197,0.001543637517164,0.336705576765249,0.029351672783001,0.09413033144487,Genuine
O15,T3,0.790236643433669,0.311742610812913,0.029700994226513,0.172905711225519,0.032689670748511,0.127732897996652,Genuine
O16,T3,0.936632303155404,0.10302283547629,0.00633427439643,0.042358585983057,0.028213958407455,0.094914856567099,Genuine
O17,T3,0.912322521126695,0.059411145962123,0.002123857731484,0.224412388246793,0.028197986233794,0.093217318024689,Genuine
O18,T3,0.847078072047806,0.212759797323529,0.026063535785638,0.119369745190438,0.032770787518083,0.121647330321964,Genuine
O19,T3,0.948584158904386,0.039565120583732,0.002554974726982,0.279099701095076,0.02675185165439,0.094188502290541,Genuine
O20,T3,0.881556944619672,0.090384234944803,0.004394942224647,0.242802371849224,0.027745663859284,0.097255802234774,Genuine
O1,T4,0.736693311427247,0.28870443382074,0.020033879685546,0.135694693695429,0.021478769536886,0.092046699394797,Genuine
O2,T4,0.902712039501682,0.047471009405705,0.003210489500784,0.291185830589649,0.023800168387134,0.079432731166502,Genuine
O3,T4,0.91347267897247,0.056901418743022,0.002295301500872,0.282629279326032,0.023890935019832,0.078165139936348,Genuine
O4,T4,0.87782689310676,0.060125227442761,0.001818208074352,0.258815803868192,0.023770096768541,0.077716870398398,Genuine
O5,T4,0.966046720880964,0.015281733759907,0.001592356855487,0.322170792449622,0.024432830427173,0.077439068693329,Genuine
O6,T4,0.97176936850818,0.016925677348421,0.002736151637669,0.24925766577145,0.024372751032794,0.076748741876208,Genuine
O7,T4,0.926185333424538,0.090223481113463,0.010264862333572,0.074164585986059,0.03271311372392,0.116989920458326,Genuine
O8,T4,0.819899543352361,0.240727445168567,0.022712126314858,0.164982295552938,0.023178595007967,0.110514230976317,Genuine
O9,T4,0.935984020232265,0.040566511091784,0.003487212207378,0.204974462666613,0.024206350486194,0.07672148685671,Genuine
O10,T4,0.943280201597533,0.03543835135591,0.002192200611336,0.327926624218328,0.024684394997448,0.080601750106069,Genuine
O11,T4,0.819383866605725,0.074753421552822,0.00790573489286,0.127186218923744,0.02711024015769,0.094049618399434,Genuine
O12,T4,0.944834517389018,0.034833808789787,0.001705736130834,0.354306696332728,0.024307096822664,0.07745129311306,Genuine
O13,T4,0.825141043889837,0.184756678394351,0.014914748139633,0.076675746834654,0.02359169137551,0.108387600736037,Genuine
O14,T4,0.855725954824615,0.17860141293393,0.015206361876593,0.07133675766061,0.02333178360986,0.105489612980179,Genuine
O15,T4,0.805991955892201,0.303102363826343,0.017226241716315,0.121371502324978,0.021879777219895,0.11784876535389,Genuine
O16,T4,0.902025621409223,0.054702244032264,0.002371312822559,0.025668553998497,0.023562862249875,0.076759739140635,Genuine
O17,T4,0.9117556138127,0.054785158775779,0.002223288527444,0.283903285424354,0.023942007600271,0.078889142870374,Genuine
O18,T4,0.922726430812913,0.04708698776498,0.002882125446065,0.300352788829759,0.024228772286186,0.078214953273049,Genuine
O19,T4,0.890178779249364,0.074229009146167,0.005612441858513,0.046358293690657,0.023985592829051,0.07793126946974,Genuine
O20,T4,0.852241916002035,0.07075724087977,0.005662335093284,0.335281260498242,0.024317970863852,0.083409723184307,Genuine
O1,T5,0.843183804441455,0.18523454879075,0.012202633987362,0.114445893037333,0.017396068314324,0.102196905767579,Genuine
O2,T5,0.844714096628074,0.074789096271211,0.004049411392396,0.273752169916696,0.020125090481569,0.120330467764287,Genuine
O3,T5,0.882841482198201,0.149830650826801,0.006034255807612,0.046256056651957,0.019051453537067,0.124175257772056,Genuine
O4,T5,0.819297396035186,0.131654067314512,0.008211293559977,0.05047592970579,0.023327554283346,0.12388771321137,Genuine
O5,T5,0.96474360435816,0.024217201665797,0.001411145254535,0.327036876017934,0.021651452042772,0.116685888581205,Genuine
O6,T5,0.962350104973658,0.019873988452033,0.002644052228058,0.276456991981379,0.022489450515245,0.116935024241035,Genuine
O7,T5,0.931240727571055,0.099260666962101,0.010016055392785,0.062046125730022,0.023540586383334,0.122619557700637,Genuine
O8,T5,0.879503213049738,0.073998179154615,0.005543131263567,0.185203592710628,0.02153125217843,0.13216993972919,Genuine
O9,T5,0.893712048290955,0.051300349401855,0.00324021882294,0.268324496850463,0.02090963226359,0.115134348118409,Genuine
O10,T5,0.958531187752591,0.016111402527518,0.002162549386593,0.285740269412342,0.022212646344023,0.119908841040956,Genuine
O11,T5,0.779140354994499,0.134817180211169,0.016210737679074,0.274569267534728,0.026672747000982,0.132360395692585,Genuine
O12,T5,0.937286127327427,0.042380872206791,0.002171668304421,0.289351636505239,0.021148229455452,0.118578456452125,Genuine
O13,T5,0.825105419506762,0.20390365266232,0.013395220313852,0.119051271525041,0.016499254745315,0.133073322694093,Genuine
O14,T5,0.897679658082193,0.076558838577461,0.002125081196484,0.25638289094853,0.019912477700518,0.115511059470613,Genuine
O15,T5,0.73878279874894,0.28509474183267,0.031097035925609,0.175213846528354,0.019309191670513,0.113124702911367,Genuine
O16,T5,0.787631386303897,0.269349055923673,0.015443898183231,0.104351646069591,0.018783865607549,0.115500667227154,Genuine
O17,T5,0.924683490562717,0.051875839976838,0.002567067146356,0.314691511665262,0.021017756283981,0.121148014346026,Genuine
O18,T5,0.932996410118119,0.039016754841022,0.002886223104358,0.295226296903912,0.021593331110897,0.116554838464077,Genuine
O19,T5,0.785807400594386,0.274654757507486,0.020893757800613,0.126081752657041,0.035419463333763,0.176615829654273,Genuine
O20,T5,0.810785753654426,0.135126244960579,0.015508562236871,0.094656467763846,0.025538888724665,0.124981222382292,Genuine
O1,T6,0.828905766376447,0.197066245082978,0.017191585474325,0.145643755776246,0.042009386567938,0.156274010125196,Genuine
O2,T6,0.851851228248191,0.161786247475536,0.020627603602825,0.106252134902491,0.046291637001731,0.134297991588876,Genuine
O3,T6,0.924802429062998,0.033085555899829,0.004692628888221,0.272060675971024,0.035842528726718,0.128163261629623,Genuine
O4,T6,0.916617092185917,0.050741123376011,0.002315643157444,0.225934028947597,0.033987744304604,0.129416171380247,Genuine
O5,T6,0.92217087684245,0.14671323059467,0.015130817385713,0.081081319772348,0.035087304003099,0.130741056342576,Genuine
O6,T6,0.978100760976032,0.008069145890225,0.001290641316225,0.356831410452654,0.035085019424369,0.129221115957239,Genuine
O7,T6,0.905635033167314,0.150787733079848,0.010596990383924,0.056548042986282,0.03400793110859,0.128079463412348,Genuine
O8,T6,0.940981491569013,0.035220695336913,0.00462869100132,0.359651862720454,0.035575507354343,0.13092326493422,Genuine
O9,T6,0.895667082147855,0.057871828884154,0.004434575104102,0.19665431038122,0.034048256099381,0.139570864415566,Genuine
O10,T6,0.888838726289732,0.115047024239597,0.011899474599031,0.087379093145073,0.03671152237678,0.126907647176061,Genuine
O11,T6,0.879041239995506,0.060398274030981,0.005880606592786,0.167710169356605,0.036538459903627,0.147881917798725,Genuine
O12,T6,0.950582144598576,0.02191758321711,0.001602978835161,0.298378027156749,0.034365949817216,0.127321184710911,Genuine
O13,T6,0.966803250208906,0.024566147239358,0.001700636737322,0.316599031739355,0.035744288253923,0.130112215352238,Genuine
O14,T6,0.862452407504227,0.121803224371493,0.017505662563971,0.153130178402683,0.040575918498125,0.183855759739284,Genuine
O15,T6,0.832261485379007,0.262471414202216,0.028585413538526,0.153528177853043,0.038961940612941,0.150939297302084,Genuine
O16,T6,0.935906058311871,0.024293778520624,0.002079428813881,0.343716831388801,0.035422577011898,0.130556752263448,Genuine
O17,T6,0.934173977699776,0.04395887639683,0.002818829465939,0.283477839513299,0.034868246016045,0.13334932058417,Genuine
O18,T6,0.934289805052983,0.037795480401992,0.002412001100434,0.273953241658071,0.035137588537517,0.13508256806451,Genuine
O19,T6,0.818572976419471,0.261614856263015,0.021290397644527,0.149402164235224,0.031172839242229,0.12897135692959,Genuine
O20,T6,0.872043657949464,0.045981422406666,0.005903209387786,0.248835681351667,0.038342689641473,0.138089414142187,Genuine
O1,T7,0.863423789028779,0.084042994026015,0.005549859219642,0.056529731540724,0.03368979977643,0.121832826973099,Genuine
O2,T7,0.880627173620781,0.052388032321446,0.002730653614723,0.328782685178971,0.034247434710969,0.121018767912431,Genuine
O3,T7,0.839502415226412,0.196741049866758,0.01328172475399,0.074874222922788,0.026422019052311,0.106755530325843,Genuine
O4,T7,0.797120740700172,0.227477237405733,0.008479426106838,0.067267120504724,0.032112297948613,0.117280245723176,Genuine
O5,T7,0.966046720880964,0.015281733759907,0.001592356855487,0.322170792449622,0.024432830427173,0.077439068693329,Genuine
O6,T7,0.934581640771897,0.050143202659059,0.008822373802268,0.15260923350254,0.037550426202197,0.129648619392929,Genuine
O7,T7,0.920030252529142,0.136960224935331,0.015073753755653,0.08714400733761,0.044974739348593,0.123430538553203,Genuine
O8,T7,0.848398281198336,0.178556315588454,0.018922534901605,0.108722091426288,0.047760402966224,0.145599543587124,Genuine
O9,T7,0.893070593955191,0.05720204768969,0.004345536779922,0.243320244465976,0.034324914610055,0.122968703140545,Genuine
O10,T7,0.938332150580145,0.035440807266825,0.00306314533178,0.148076117486585,0.034829541533555,0.11727268383704,Genuine
O11,T7,0.830548509054017,0.072678302639894,0.009475132957449,0.166697275567473,0.034803324481045,0.139589533033862,Genuine
O12,T7,0.93587106741205,0.045540790127707,0.001976334517525,0.271220826335242,0.033890577375631,0.119367872950935,Genuine
O13,T7,0.897638292457461,0.045657551062456,0.001974522216344,0.272318611676646,0.033505072395079,0.120635836995953,Genuine
O14,T7,0.958273114610928,0.025629737144531,0.001526227598109,0.29410459799329,0.0352705335079,0.119287630758449,Genuine
O15,T7,0.774738799986755,0.281890289544461,0.037593950428553,0.174477442176961,0.042479466801626,0.180782858050474,Genuine
O16,T7,0.75975316380457,0.304629816580629,0.026701285167945,0.180007740869466,0.03413563819495,0.194067797955748,Genuine
O17,T7,0.872623688555122,0.188031090952198,0.014128318997488,0.079145263144283,0.027343033188158,0.111264105646327,Genuine
O18,T7,0.91787856085972,0.04997968292688,0.00311175710899,0.300208724018754,0.034277952434611,0.122415033475728,Genuine
O19,T7,0.904570361268352,0.08132147159961,0.002264683465036,0.189827418859638,0.034227460708824,0.121261164482073,Genuine
O20,T7,0.90198650138591,0.059615761975936,0.003545399260945,0.306874119198784,0.034606255453087,0.126051785875569,Genuine
O1,T8,0.921094870527553,0.039623536291226,0.002389053609989,0.340017860335932,0.042654856222408,0.10688094744663,Genuine
O2,T8,0.699732883994876,0.27959461863248,0.019595885274406,0.126125917976585,0.031714220732142,0.115153648298535,Genuine
O3,T8,0.898165176687954,0.042552014798216,0.002954000006748,0.347047737841409,0.042755167127765,0.105756280157902,Genuine
O4,T8,0.702004997951341,0.347243064283169,0.034153753584679,0.187313496600493,0.037541759639783,0.139260562069553,Genuine
O5,T8,0.93995776168287,0.024133750991982,0.001817558264382,0.285977482580521,0.042368724515742,0.104232214667336,Genuine
O6,T8,0.953560085366911,0.022775931653643,0.002069954753883,0.207390625254217,0.042538237521508,0.104667317926789,Genuine
O7,T8,0.911200748384421,0.147144776620032,0.022245670816546,0.133590982768387,0.049752727951944,0.155892225402206,Genuine
O8,T8,0.882305105342935,0.062109446218484,0.004811402394173,0.371551264068532,0.041087715290416,0.104752363864507,Genuine
O9,T8,0.963874153911213,0.020575636513747,0.002400088920685,0.374328134654653,0.044562254529049,0.104896421780877,Genuine
O10,T8,0.925924091594588,0.043841728516422,0.002004756005225,0.302735988579488,0.042148549124696,0.103581273599259,Genuine
O11,T8,0.773426954483491,0.121047087518737,0.019643406635316,0.198151504342472,0.046390867716149,0.162925072944639,Genuine
O12,T8,0.907085033979669,0.052558060504461,0.002170633338506,0.326815660967737,0.041578416777927,0.106012764692643,Genuine
O13,T8,0.885956554969448,0.081859547289408,0.002414873432732,0.31503682376797,0.04079098223357,0.105448771680186,Genuine
O14,T8,0.912504393182933,0.085557999641761,0.007500889191691,0.088921023907994,0.037599661360025,0.112014400568184,Genuine
O15,T8,0.612971944305248,0.33932023559226,0.037243567085339,0.213385442148459,0.038063557213962,0.140318919910654,Genuine
O16,T8,0.82324615810312,0.253845618119135,0.017779770365283,0.109927735914187,0.033892317727449,0.134823521976517,Genuine
O17,T8,0.929323082833828,0.034058935051533,0.003322221902282,0.299207042722329,0.04392569235016,0.108130646358095,Genuine
O18,T8,0.958185230886643,0.036158942434759,0.002272196799396,0.261393632232523,0.041998861901324,0.104712200934318,Genuine
O19,T8,0.847838094545564,0.196145215228219,0.017329820975924,0.084708495065288,0.03457208610999,0.132832527441473,Genuine
O20,T8,0.8630903659821,0.068108336919037,0.007851812809238,0.365565396240445,0.042247282482602,0.112933209356452,Genuine
O1,T9,0.813818629284568,0.172083048264217,0.011694932508205,0.096679737353543,0.021072373894406,0.134751657901397,Genuine
O2,T9,0.870249035273096,0.083454967816382,0.003671930203792,0.291999141413327,0.019504251501554,0.147763529777542,Genuine
O3,T9,0.88265959526711,0.069285571558283,0.002636619448162,0.205393247658507,0.020426296915703,0.154136888059586,Genuine
O4,T9,0.920649708922478,0.057699196722742,0.00218596225772,0.249415532279192,0.01988606592247,0.150851085765848,Genuine
O5,T9,0.938640010229766,0.109539950696544,0.009868129618812,0.056301097664558,0.024223399163761,0.104106160080835,Genuine
O6,T9,0.952894224085949,0.021675091081921,0.001745532475285,0.263014872624033,0.020785240149731,0.153140363706277,Genuine
O7,T9,0.931028593925178,0.11810988315896,0.012337108078931,0.058147123563,0.024479863654317,0.094155409024818,Genuine
O8,T9,0.799002269342182,0.236489802406595,0.017918840330401,0.120926041271285,0.02286682982066,0.10662208560624,Genuine
O9,T9,0.908959983703647,0.056665368783449,0.003552083490881,0.232260000933319,0.020894960411954,0.164563883532531,Genuine
O10,T9,0.941202454419788,0.028742783233256,0.002044367357454,0.34273590309072,0.020487157788459,0.15487892979187,Genuine
O11,T9,0.820644949497939,0.126254160640638,0.016778122041281,0.169880282407479,0.033325242702307,0.239318170047524,Genuine
O12,T9,0.928803899226522,0.030211170876504,0.001414685989457,0.256418899562976,0.020694530386026,0.155623554221822,Genuine
O13,T9,0.823016325743641,0.191704173766368,0.011659592043033,0.07677958051203,0.01975230008013,0.116991478603482,Genuine
O14,T9,0.941721605108926,0.05364790359975,0.001580056878335,0.252333818899569,0.01840962243714,0.149725567544956,Genuine
O15,T9,0.896264679831712,0.091474017377709,0.006013417713439,0.037354728063995,0.019556250404863,0.146896263234987,Genuine
O16,T9,0.875876832884572,0.17594127720084,0.007362344485629,0.053913823277753,0.01810642018434,0.106049447918551,Genuine
O17,T9,0.904711309068573,0.055510149177427,0.002546112168162,0.22532090239156,0.019930667287828,0.154700005255593,Genuine
O18,T9,0.929052579909018,0.040636012286073,0.002900481788027,0.302239024516172,0.02081744888527,0.167969566336762,Genuine
O19,T9,0.946493042823818,0.030779918143742,0.001906950351609,0.168428068145569,0.020870407359511,0.155988563591399,Genuine
O20,T9,0.886081345227296,0.07537318145417,0.004369969360253,0.336503290890731,0.019189298549103,0.155392871412311,Genuine
O1,T10,0.866427489515131,0.156379584253496,0.016971111652151,0.084254822840166,0.033463273942805,0.085850544941626,Genuine
O2,T10,0.8529710453578,0.081987199363816,0.004130525043174,0.278453827758126,0.039059862203958,0.064089671216177,Genuine
O3,T10,0.904332977000148,0.073557813027023,0.002677494965602,0.309250465285991,0.039843063823784,0.061619168320271,Genuine
O4,T10,0.893565447225931,0.067908969069132,0.002714463771827,0.350725802407706,0.040784396011844,0.063176775699766,Genuine
O5,T10,0.944522991279523,0.038323603093946,0.001828676627119,0.284153693312025,0.042082358347573,0.061849621281563,Genuine
O6,T10,0.956231993342122,0.021371761578555,0.001531527074516,0.284063666265719,0.043619285679494,0.062187938176904,Genuine
O7,T10,0.941316558602625,0.042663427200469,0.002426194312453,0.240494135822541,0.043000794034861,0.062533412746682,Genuine
O8,T10,0.846986660636741,0.106899744673024,0.015670951594352,0.134092890618062,0.040461186625941,0.086550867894666,Genuine
O9,T10,0.774792330094273,0.264939500362916,0.027569096279477,0.162749566039379,0.041235508086746,0.095908224986753,Genuine
O10,T10,0.943930667579052,0.026148962911236,0.003072444742853,0.307819651980016,0.043668904681909,0.064014056601808,Genuine
O11,T10,0.844954293468873,0.097567048478166,0.015552821056955,0.186197220377823,0.039498823248602,0.083049123774097,Genuine
O12,T10,0.912375708763389,0.041706964570748,0.002011696449891,0.302284794720916,0.041978023639459,0.062129780503056,Genuine
O13,T10,0.919232798143723,0.031553070440872,0.002696969622578,0.27513438918309,0.044869748741539,0.06203378046683,Genuine
O14,T10,0.883115806857624,0.050039382162294,0.00221800446363,0.318231456300391,0.041921308402974,0.061171507095022,Genuine
O15,T10,0.769108573568705,0.30806383893108,0.020335021093087,0.147893311883734,0.03234947493122,0.07393483970019,Genuine
O16,T10,0.928128952220305,0.048180645071761,0.00200937235711,0.29615770702639,0.040158540919827,0.061143352325339,Genuine
O17,T10,0.899252240670559,0.059669611292494,0.003398818801958,0.286087975627693,0.039720941577949,0.06331528429535,Genuine
O18,T10,0.867709984886161,0.214607965857112,0.020333664783569,0.113639226499984,0.034387707146836,0.093401662364144,Genuine
O19,T10,0.928253036329341,0.031823504842118,0.001944408908587,0.258224834339072,0.04038370748691,0.061245870016523,Genuine
O20,T10,0.841873827715161,0.072504517368529,0.006643983514292,0.263922333250129,0.041682369770904,0.064189222059768,Genuine
O1,F1,0.951402686289275,0.016021826310408,0.002741656906001,0.389543159268066,0.073595801918828,0.116934628657798,Posed
O2,F1,0.959285321438186,0.029372646074606,0.004002221039401,0.330681151639627,0.074743093571299,0.1165031586714,Posed
O3,F1,0.955989918339103,0.018794681531005,0.002286832387059,0.418234427342958,0.07478179094998,0.117502910861274,Posed
O4,F1,0.976339485527812,0.015852450506769,0.002902405977584,0.386337973462547,0.073731073426467,0.116945798102414,Posed
O5,F1,0.982845640393527,0.008790973608792,0.001441908461924,0.333829604668064,0.074581549775393,0.116583496276724,Posed
O6,F1,0.733464385311387,0.358368478903228,0.044005177730492,0.316252168358821,0.056368270527872,0.133966269957374,Posed
O7,F1,0.956115202454973,0.049406651785574,0.007574860962013,0.070747197736891,0.073779677499194,0.1169476860405,Posed
O8,F1,0.918879797951239,0.045174466470013,0.009174471679978,0.377358766015047,0.073616636759915,0.11668414295442,Posed
O9,F1,0.798431168752043,0.345107595842392,0.023845751783369,0.18175594404259,0.064668361691535,0.137138524558384,Posed
O10,F1,0.906398772987471,0.048200582833849,0.007597868052093,0.291791530662698,0.07516103264828,0.120195510193386,Posed
O11,F1,0.941071786856465,0.036155096483325,0.009005397918879,0.274644149220906,0.075535488615478,0.118303145828356,Posed
O12,F1,0.969086550681698,0.019018374302245,0.002414770074316,0.324330037899041,0.074598916488968,0.116612683374812,Posed
O13,F1,0.979460841219611,0.008061681118928,0.001791914263107,0.314403449096376,0.074226287059866,0.116514313443407,Posed
O14,F1,0.825149341726659,0.306252050411173,0.041687182825643,0.24039085161894,0.068167466608512,0.144066988805852,Posed
O15,F1,0.856326406026075,0.220768223791178,0.01248590627068,0.09901449037503,0.012592933559083,0.093643650364529,Posed
O16,F1,0.981742239897156,0.012064486681587,0.001666468194886,0.320442124504679,0.074437267195975,0.116614658666308,Posed
O17,F1,0.964287743068056,0.067407014025159,0.010752325789488,0.084372390404494,0.083779979383262,0.128933848721671,Posed
O18,F1,0.936670721502261,0.021360931854021,0.003503972502519,0.320796510021779,0.0752337350907,0.117341199923353,Posed
O19,F1,0.741810061960727,0.306854784825372,0.042967078664222,0.299941284474921,0.061131246046944,0.133275942578345,Posed
O20,F1,0.927436969171331,0.049421103020224,0.007376147889341,0.342294665557289,0.073459342516797,0.118593214698317,Posed
O1,F2,0.903332403521022,0.059447269664253,0.002577566152738,0.252540016876437,0.02936938759666,0.107422688885537,Posed
O2,F2,0.887895612646035,0.094662309637763,0.002563426864238,0.241721787885959,0.012481365534372,0.084306972388776,Posed
O3,F2,0.881783427694215,0.062893596672652,0.002526368308127,0.310962453347468,0.027613289619767,0.106636147488883,Posed
O4,F2,0.899950704653164,0.035777361280581,0.001986568360424,0.24484471473371,0.029026457695671,0.106901315726285,Posed
O5,F2,0.971929670360814,0.017524037861752,0.001432682764887,0.321462576618002,0.030796497077455,0.106968064335241,Posed
O6,F2,0.953565689843837,0.03324205005676,0.003842063406308,0.213532843121533,0.031787909630855,0.109415316155427,Posed
O7,F2,0.894832692376403,0.166847208784752,0.024332091054472,0.127116807251566,0.048516189353178,0.196320341163945,Posed
O8,F2,0.920527912526562,0.04409862163784,0.004965095351411,0.289528277403398,0.029503204068397,0.108803607753777,Posed
O9,F2,0.829963009911536,0.174566096948096,0.014837691799696,0.128366307966957,0.030587756924705,0.113430617331346,Posed
O10,F2,0.952046646449492,0.026284364340493,0.003188926025912,0.308425731216828,0.030794530657958,0.109847763789917,Posed
O11,F2,0.778890740102072,0.09175234457387,0.013235822353564,0.229467520623612,0.018730013107887,0.125764707249116,Posed
O12,F2,0.911743159161879,0.048134229578317,0.002435220246489,0.256100354297719,0.029520676121664,0.107361344556728,Posed
O13,F2,0.83041020111657,0.212975990434098,0.018628828036271,0.110686240720412,0.02671802515483,0.137861004835966,Posed
O14,F2,0.854807868159705,0.225143676866766,0.018563668562507,0.108896094156005,0.041691552672966,0.145143083987721,Posed
O15,F2,0.837199076063178,0.292212658882316,0.019757934054499,0.134627088629951,0.024908806975299,0.109742749560037,Posed
O16,F2,0.815742030308429,0.283258332276714,0.026750583972432,0.179939920055885,0.027384250828428,0.127818337050204,Posed
O17,F2,0.846287634005342,0.20016499171416,0.019458159326789,0.098931714545852,0.026149923289018,0.120277171052991,Posed
O18,F2,0.916716721180374,0.044422769808583,0.003935910037593,0.287898980386471,0.030490285434071,0.112064661417689,Posed
O19,F2,0.798888624483104,0.259749552471291,0.018838187136805,0.146845543456086,0.039672854828231,0.135631688288442,Posed
O20,F2,0.874250144669477,0.076205469568165,0.007434993106872,0.081266483116865,0.028306370477826,0.107405233808971,Posed
O1,F3,0.935459260254214,0.043071062510105,0.003844168700813,0.308934286885209,0.030677989516288,0.130032033482343,Posed
O2,F3,0.882305407669275,0.073437834513609,0.004015680920278,0.235558740399839,0.030583154043495,0.132407653796119,Posed
O3,F3,0.923265929296098,0.03367185523667,0.003901799065051,0.257538252097716,0.031819190620917,0.135374716893777,Posed
O4,F3,0.870735782865382,0.070615040147104,0.002853347799496,0.350404160051459,0.030597052575818,0.13561762437895,Posed
O5,F3,0.937862583414123,0.032817779391877,0.002486349139692,0.290808978842866,0.03112574606573,0.135069982484657,Posed
O6,F3,0.96014451900991,0.019197810551645,0.002511136992826,0.269923762630583,0.032174615849034,0.134210503527459,Posed
O7,F3,0.914841709935766,0.149423617424929,0.017526831726861,0.082703608006082,0.045524051496177,0.193494509254098,Posed
O8,F3,0.8207160300566,0.238339336275788,0.022956396390279,0.144004241881855,0.043800528851283,0.208856375657109,Posed
O9,F3,0.848312952863442,0.063607833484651,0.006782845339255,0.22288493976088,0.032932057634304,0.147219912093377,Posed
O10,F3,0.962947006018176,0.018018326723153,0.002639674700179,0.261922361743582,0.032718037060774,0.135109764429949,Posed
O11,F3,0.79865752714673,0.109986264302217,0.020619299325141,0.283334869028941,0.034372793352884,0.192121168597317,Posed
O12,F3,0.948202485945396,0.030074148002963,0.001905739407053,0.310644911897861,0.031638240370626,0.135302047833411,Posed
O13,F3,0.798215610683183,0.235087872866057,0.019265725869369,0.141634766792517,0.027702354342209,0.152026646003748,Posed
O14,F3,0.809440418434678,0.265124723680584,0.020238532931548,0.158711416957596,0.027841643527028,0.192533895184363,Posed
O15,F3,0.852754764644584,0.175305867172948,0.020183926593583,0.085171908385068,0.042064387480143,0.194472659117207,Posed
O16,F3,0.800472961545562,0.302625483877148,0.022848224970883,0.162366913444232,0.028779591385323,0.173159919090567,Posed
O17,F3,0.925260406410838,0.047585344013201,0.003945845441379,0.206903891650269,0.031808368214773,0.136603288858251,Posed
O18,F3,0.941119342020808,0.028683487359913,0.003468709490626,0.315991044199516,0.03103716114007,0.131980484532999,Posed
O19,F3,0.973003963282759,0.018371897457143,0.001901723971651,0.338551157159746,0.032512699314688,0.135605066048211,Posed
O20,F3,0.920908731230464,0.048797318967246,0.004291712394667,0.312469616056352,0.030871000273001,0.135210951023581,Posed
O1,F4,0.874444837907904,0.182866456861755,0.016293258673284,0.090863071090995,0.034076784413586,0.144437367481877,Posed
O2,F4,0.865715349782019,0.064970097332833,0.003132456920644,0.314577960547976,0.029050457920783,0.166433913164655,Posed
O3,F4,0.826882965823223,0.190974530746277,0.015245598491575,0.08112142918256,0.030296187307656,0.124289022763287,Posed
O4,F4,0.86407983204224,0.083193338172246,0.00241269432565,0.229178419483787,0.027950441575535,0.165670130102942,Posed
O5,F4,0.931796243108289,0.029505660369988,0.001531794426984,0.273645532758809,0.017163415914071,0.135469579490524,Posed
O6,F4,0.957545572940237,0.020501199815697,0.002283659786833,0.254733708076188,0.029708307036219,0.169205705259986,Posed
O7,F4,0.93096958086506,0.088497616893974,0.007086089849498,0.038224154587508,0.03305703941521,0.180496061883678,Posed
O8,F4,0.818169479011162,0.214962753354697,0.01628861953804,0.124119676026884,0.034580748993428,0.190262118064082,Posed
O9,F4,0.886910612850264,0.046212849346405,0.005796989101574,0.253589662694481,0.029900779687688,0.164743663870385,Posed
O10,F4,0.94890319177212,0.031190307151722,0.002690553795691,0.368812603718149,0.029005545071504,0.163875090592871,Posed
O11,F4,0.859695321100555,0.089511326450422,0.012472601582173,0.211227739878732,0.034463275786298,0.213004557297316,Posed
O12,F4,0.930329992332211,0.039969541848691,0.002422953539563,0.320079646876591,0.029398995874332,0.169821452100905,Posed
O13,F4,0.870090965307458,0.061671739301743,0.002197713655284,0.318787745124756,0.028727076080634,0.16522070541162,Posed
O14,F4,0.903978660716014,0.168165659042357,0.008565805844791,0.059303142659991,0.029860762550452,0.167458180351095,Posed
O15,F4,0.891487088017336,0.159889863891439,0.014478114415799,0.065336007638538,0.024472729301559,0.10411776180366,Posed
O16,F4,0.896225835255126,0.141689922549186,0.00808296326702,0.056406297615968,0.029503960422364,0.166123421503088,Posed
O17,F4,0.897011347861849,0.066129274386435,0.002584446340823,0.223853363536401,0.028263251739183,0.164587562193949,Posed
O18,F4,0.854932999806288,0.20847442733669,0.021549333218116,0.136296062167143,0.026950993512192,0.156239003754156,Posed
O19,F4,0.81938437287835,0.214345542431766,0.015264722093703,0.104461897690989,0.023449969040579,0.144213352271131,Posed
O20,F4,0.872215147237031,0.076320439774657,0.004967420042785,0.319203918831717,0.028504348657262,0.170272521011414,Posed
O1,F5,0.860105748496631,0.161880437398949,0.010606162340865,0.07859806671425,0.0117691076723,0.077146309668004,Posed
O2,F5,0.887895612646035,0.094662309637763,0.002563426864238,0.241721787885959,0.012481365534372,0.084306972388776,Posed
O3,F5,0.898730606296006,0.089365562939674,0.002359303093152,0.253211565130795,0.012387547351051,0.080965406900883,Posed
O4,F5,0.787299160219492,0.252542385888803,0.006894955382115,0.05483553279708,0.010325332745109,0.080329939068297,Posed
O5,F5,0.957293361396341,0.026607445240498,0.001527013998597,0.271119248030823,0.014068837123424,0.081156117699669,Posed
O6,F5,0.953565689843837,0.03324205005676,0.003842063406308,0.213532843121533,0.031787909630855,0.109415316155427,Posed
O7,F5,0.890805329387717,0.194050502347741,0.021393505379024,0.098303089199132,0.015045533712375,0.084454122332915,Posed
O8,F5,0.896685279565688,0.057921312328715,0.00450660524288,0.288793427015046,0.014118510885525,0.084015027928702,Posed
O9,F5,0.883303204696587,0.064767884783671,0.003603373660651,0.203243244857173,0.013965561481018,0.084968735680165,Posed
O10,F5,0.876276318964239,0.137293523604771,0.0068821015864,0.055999031932312,0.013593336221716,0.083758080284043,Posed
O11,F5,0.778890740102072,0.09175234457387,0.013235822353564,0.229467520623612,0.018730013107887,0.125764707249116,Posed
O12,F5,0.891538018103569,0.073164346012946,0.002202055797481,0.290072252074199,0.012997411376779,0.084006320088971,Posed
O13,F5,0.832743767672358,0.206963835467976,0.012676391397897,0.090530521554151,0.02274711772726,0.120079241320294,Posed
O14,F5,0.882986444455241,0.072521639614961,0.001762145442754,0.259542432815374,0.012639135841271,0.080888473632191,Posed
O15,F5,0.856326406026075,0.220768223791178,0.01248590627068,0.09901449037503,0.012592933559083,0.093643650364529,Posed
O16,F5,0.851957230201163,0.229251031393489,0.013945562354072,0.095875429970336,0.022734622289008,0.149010988659354,Posed
O17,F5,0.882610267202795,0.130759026265679,0.010249916801615,0.056212604145406,0.021230608390518,0.104650042815609,Posed
O18,F5,0.923300411953248,0.046584484961757,0.002646336548977,0.29742648254691,0.014132545883412,0.083027719042782,Posed
O19,F5,0.902156448344394,0.188880450212383,0.013380469267075,0.085476273496821,0.024222793819762,0.145911891349016,Posed
O20,F5,0.906337630679231,0.072709520504955,0.003564577772544,0.281273005534462,0.012559064635352,0.08463685636003,Posed
O1,F6,0.941516265137683,0.040117587973066,0.00241381946852,0.222043578821034,0.01748272691028,0.134542158628563,Posed
O2,F6,0.923410043943382,0.069630559203336,0.003576440350491,0.2421097396341,0.016326994059472,0.13248773607516,Posed
O3,F6,0.905355363177843,0.057341670352518,0.002308294753963,0.283888958879761,0.016928986229652,0.136860399161881,Posed
O4,F6,0.767356689513217,0.265203353847215,0.016197311361528,0.131492007873077,0.015357442982847,0.115634441589332,Posed
O5,F6,0.931796243108289,0.029505660369988,0.001531794426984,0.273645532758809,0.017163415914071,0.135469579490524,Posed
O6,F6,0.969374966333402,0.017266934296453,0.002659212775823,0.27521147719485,0.018415090573918,0.142431553347008,Posed
O7,F6,0.890150138154304,0.158998831726332,0.02098315677624,0.121660968339197,0.022975009334405,0.142627820646316,Posed
O8,F6,0.85444943783329,0.133544962243439,0.017454469453257,0.136653067023492,0.027809912124424,0.196834448054736,Posed
O9,F6,0.890167521305732,0.072848105084274,0.002532722813108,0.220855096979041,0.016894573466967,0.137522830460027,Posed
O10,F6,0.948210127585939,0.031339118851158,0.001816005630405,0.291119960012734,0.016890557125568,0.134148522903737,Posed
O11,F6,0.850438704948215,0.055803291465496,0.005657562624326,0.244985789577287,0.018494816737631,0.15170209610837,Posed
O12,F6,0.925915988189003,0.052086957270033,0.002500923668522,0.321874039606352,0.016771185817896,0.137493242079438,Posed
O13,F6,0.966632365704923,0.014803147078336,0.001676497869079,0.234418872688163,0.017734565136786,0.138583233748334,Posed
O14,F6,0.817695363473874,0.241984445986753,0.015902861718145,0.124734471217094,0.017188335803729,0.115896710724795,Posed
O15,F6,0.846494753438272,0.15743491439083,0.01262730978517,0.061187593640778,0.026696721094472,0.091421969499094,Posed
O16,F6,0.827322326135396,0.269668856455873,0.014684094742879,0.103039913625392,0.013140322386533,0.099558945512422,Posed
O17,F6,0.881302525087751,0.142380407857081,0.01375215724098,0.071158279104068,0.028506093357976,0.12227320942364,Posed
O18,F6,0.863214562727134,0.196799287247843,0.018679601939037,0.096158005791094,0.028159391893713,0.153397109693755,Posed
O19,F6,0.90720268695729,0.076647459456344,0.002395656860182,0.244917374750554,0.016489868587135,0.136447995361039,Posed
O20,F6,0.896227102195896,0.060883065582903,0.004292710046185,0.300919422333404,0.018027514724916,0.143487715278445,Posed
O1,F7,0.834535504069675,0.184397613884157,0.016443821182013,0.1181971413493,0.014900537571789,0.105364308446992,Posed
O2,F7,0.915256270099297,0.064147962267995,0.0031001643308,0.270754907025618,0.015166592912698,0.108314264567076,Posed
O3,F7,0.910222385256163,0.067812819097517,0.00230748981061,0.226974106394466,0.015235176375739,0.110885873561376,Posed
O4,F7,0.842180937961059,0.110196630768011,0.008796869194637,0.05043155708877,0.015736965882018,0.112651036007873,Posed
O5,F7,0.952926956685958,0.040933905010521,0.001790801090597,0.255218896570733,0.015331322005048,0.106629050162621,Posed
O6,F7,0.958217710675854,0.018578637765558,0.001897793932135,0.286402651375014,0.01601217481049,0.113975053185404,Posed
O7,F7,0.953009582531893,0.030679023049258,0.001912860816607,0.28570974606387,0.015633512679341,0.108422934744344,Posed
O8,F7,0.835304744317197,0.197886563916264,0.021040081848392,0.107567737120442,0.022755469268057,0.156377382027614,Posed
O9,F7,0.890167521305732,0.072848105084274,0.002532722813108,0.220855096979041,0.015171431571167,0.110050125900124,Posed
O10,F7,0.955641115588247,0.021262612610981,0.003073766884864,0.328286532959106,0.01585140920786,0.112260378775761,Posed
O11,F7,0.869424078425134,0.06398019484127,0.00438526839632,0.243744381963482,0.016010929603567,0.122259351150118,Posed
O12,F7,0.926586425973129,0.035985788053052,0.002287946627052,0.284537232609729,0.01583773543723,0.109555826969416,Posed
O13,F7,0.844384056657545,0.090982991513524,0.002933886319749,0.050411700704494,0.016549002493704,0.109779467614198,Posed
O14,F7,0.848234348399075,0.234092062980594,0.015636354175216,0.115053225150943,0.014328324628445,0.099798624894982,Posed
O15,F7,0.882729145956032,0.173971521004745,0.008981114397409,0.049695056322819,0.015284996313656,0.10699131893976,Posed
O16,F7,0.826539198102038,0.25563532083241,0.015712789557367,0.109024148177596,0.013287821482882,0.094929694567403,Posed
O17,F7,0.890276169574758,0.159634131774463,0.01491514565951,0.078171892392351,0.025169627913283,0.151629494376294,Posed
O18,F7,0.928329411431076,0.045322361940568,0.002841003627013,0.219380347593027,0.016401943549319,0.113641834192522,Posed
O19,F7,0.86089821907918,0.216410761215852,0.023103829298149,0.096627201922197,0.030565870708216,0.157966212227576,Posed
O20,F7,0.83448492230568,0.206517678718976,0.016925486104627,0.102225849602696,0.01579570624491,0.108301434533452,Posed
O1,F8,0.941923900832528,0.027193277508743,0.002749712705069,0.346484901844636,0.060498651130706,0.1040596927611,Posed
O2,F8,0.836780331963519,0.175622697965745,0.023855453478035,0.127515713106731,0.069082980042243,0.133231456856861,Posed
O3,F8,0.909760242575031,0.047659226670888,0.002973828042456,0.280964838655641,0.058621884662291,0.104303421069219,Posed
O4,F8,0.941151594374512,0.024506189992829,0.002825672526421,0.378967856051956,0.059580100391039,0.10431926190005,Posed
O5,F8,0.975982088267925,0.00798649999985,0.001579657465235,0.34770272721213,0.060596537247818,0.10302617928863,Posed
O6,F8,0.9345879923118,0.096090856291015,0.011363855049985,0.161003069491633,0.053506770290248,0.110269707191271,Posed
O7,F8,0.917569709337778,0.125648676879111,0.01439751276747,0.105796899127001,0.073602179645215,0.129193811422594,Posed
O8,F8,0.916984980520202,0.040467350278606,0.005860074790741,0.366874762083955,0.063351980146351,0.105446221950997,Posed
O9,F8,0.894439679812707,0.039066374648636,0.003912501071475,0.329075762965721,0.060361726550433,0.104646719636197,Posed
O10,F8,0.947060284959644,0.028652837066823,0.003983442925741,0.262444917679369,0.06160112390474,0.104548596251513,Posed
O11,F8,0.582885013216887,0.189046386055129,0.041989342561931,0.278096743940047,0.056285856198474,0.142172918889124,Posed
O12,F8,0.974554026847081,0.008363340890275,0.001422018768261,0.339684822525338,0.061380864846225,0.104191384118828,Posed
O13,F8,0.976392931886038,0.011835585752268,0.00143514684824,0.278608444615635,0.060829949313929,0.104257767405546,Posed
O14,F8,0.959073829814558,0.022851359917041,0.00151711899463,0.335353934121308,0.058068317239408,0.103767595593338,Posed
O15,F8,0.818388277098451,0.237950924830883,0.026096958830374,0.139138398576119,0.048043597116681,0.127500013178575,Posed
O16,F8,0.790007272787079,0.281414765036223,0.022309078116064,0.119720751551144,0.037547604653021,0.116925207998851,Posed
O17,F8,0.915141997277679,0.041404347901855,0.00293842445705,0.290037660200825,0.061631811244467,0.104702653199891,Posed
O18,F8,0.936443463949794,0.033745978057933,0.002797610144998,0.289029728963374,0.062140028399383,0.104678655188812,Posed
O19,F8,0.954187308607488,0.020227983804314,0.001970198593099,0.303597760044076,0.059252165802563,0.10400189262594,Posed
O20,F8,0.81313532895086,0.259927701187004,0.028249364012816,0.18108423458147,0.056961044042388,0.152532033510163,Posed
O1,F9,0.934876625180979,0.050905379957448,0.002258736650206,0.245132349049084,0.018369905776684,0.090481027216215,Posed
O2,F9,0.88508848485336,0.078966418928207,0.003227505035855,0.262955123639416,0.01736297750039,0.087146822482837,Posed
O3,F9,0.893654570413716,0.083725313275559,0.00241437086568,0.276301759381123,0.01720725326857,0.08688537333923,Posed
O4,F9,0.814340383908048,0.144561967994593,0.012683998791351,0.07877811896865,0.026856329986432,0.137304512139405,Posed
O5,F9,0.98342210698841,0.009875166000966,0.001081384257274,0.313968762622695,0.019455139189284,0.085267220871913,Posed
O6,F9,0.977247477097513,0.013894226430985,0.002003155499594,0.250477008354771,0.01932299729318,0.089013003988093,Posed
O7,F9,0.949979315597588,0.030237536107301,0.002256722096327,0.249243843267168,0.018872394566409,0.087518320962972,Posed
O8,F9,0.876350344972494,0.046493709605342,0.004883160868384,0.291687608843977,0.020619437573423,0.095786308177793,Posed
O9,F9,0.860122864703706,0.191241971345105,0.015199197931427,0.092400586849249,0.026388758622807,0.125408694842072,Posed
O10,F9,0.939717661995394,0.04268608750695,0.002772257773684,0.216418176379348,0.017960999833435,0.085538185517904,Posed
O11,F9,0.890167234056425,0.059979782044356,0.006652066949285,0.203719084607808,0.019902255312355,0.108934245077923,Posed
O12,F9,0.91857978653696,0.03155951727814,0.001863299946898,0.253241907393747,0.018837421757543,0.086505995920912,Posed
O13,F9,0.873819537654523,0.066116217037729,0.002075641673007,0.335926926096805,0.01732765328207,0.087111472421331,Posed
O14,F9,0.90778711698293,0.070903938649467,0.001641296307324,0.302553657597295,0.017108504457579,0.085310893616046,Posed
O15,F9,0.846494753438272,0.15743491439083,0.01262730978517,0.061187593640778,0.026696721094472,0.091421969499094,Posed
O16,F9,0.892897477635317,0.051521219448135,0.001812620548202,0.259927902766379,0.017976067647923,0.085259349549509,Posed
O17,F9,0.919059799378192,0.048533272739452,0.001843228425039,0.314158468379818,0.018267212388985,0.086003309471258,Posed
O18,F9,0.93648827758961,0.045236863679873,0.002686008143838,0.251931550732886,0.018153415981988,0.0866462106653,Posed
O19,F9,0.838422335772222,0.204779037743366,0.014063766622197,0.123418967085665,0.015836406255739,0.128331361012545,Posed
O20,F9,0.906412752188487,0.062420930392685,0.004930683325958,0.258145611640178,0.019895324052475,0.095910983911309,Posed
O1,F10,0.904378307025962,0.073067742031924,0.001968525371328,0.255510857174056,0.015830757566398,0.132042588825204,Posed
O2,F10,0.88838645658548,0.091503706501071,0.002607542100112,0.234255099963563,0.015943470877082,0.131865281701697,Posed
O3,F10,0.838729015962159,0.212939230545183,0.012212597669967,0.080307001704085,0.018737028274254,0.11339847178866,Posed
O4,F10,0.814173870738529,0.218741498635061,0.011604819104521,0.089050776296216,0.014992276770154,0.122081583838613,Posed
O5,F10,0.942959589930175,0.039445120429801,0.002410295113378,0.200037053959365,0.017743924513337,0.135306056667786,Posed
O6,F10,0.908782437068814,0.069839519431601,0.012093794549481,0.150317907156055,0.021254878383967,0.164534148594371,Posed
O7,F10,0.909078690398111,0.09598992102915,0.009465625708092,0.050263223033857,0.022226988034434,0.141552465803201,Posed
O8,F10,0.831763755571732,0.156823241427985,0.019542788114653,0.08676492224367,0.024952703024532,0.162584287470225,Posed
O9,F10,0.903728453976643,0.060554180875677,0.003159976345346,0.219401158528405,0.016540501015965,0.137514494008681,Posed
O10,F10,0.921576425374729,0.037526186634218,0.002772575084858,0.277320851097471,0.017134530480033,0.138623440063236,Posed
O11,F10,0.888963855878493,0.06267980576576,0.00962680328916,0.231610850328386,0.019021795808717,0.172306319809979,Posed
O12,F10,0.852090143110273,0.196187383389953,0.015112329993092,0.08163524235678,0.021550774808877,0.14868883376165,Posed
O13,F10,0.853375203606822,0.159143277788111,0.006050980247657,0.049169755779523,0.01554052340746,0.137056473969357,Posed
O14,F10,0.916599277863777,0.066981765396926,0.00183726365614,0.273136488171893,0.016242083678244,0.13305854437551,Posed
O15,F10,0.844486201481743,0.205537600493034,0.011056110221109,0.087580021710818,0.01466827413468,0.111018215953519,Posed
O16,F10,0.901601707164941,0.058192209729015,0.002113440622135,0.021850839146488,0.016394665160649,0.135434677964301,Posed
O17,F10,0.809810556975719,0.188257976669069,0.01902626770497,0.088182414213493,0.016930124649085,0.124031671638723,Posed
O18,F10,0.932473679391058,0.04772346259114,0.003296581803206,0.34778389759013,0.016869351343857,0.138671674346896,Posed
O19,F10,0.899767641993537,0.071136820518088,0.00284281008739,0.171820268914149,0.016411926687896,0.135785694804306,Posed
O20,F10,0.857661832152285,0.085669879942431,0.005499035210253,0.282237353702342,0.016331631891281,0.14444987976287,Posed
