,Unnamed: 0,Video,Mean,Std,Diff1,Diff2,PCAd1,PCAd2,Label
0,O1,T1,0.6224066825267336,0.5057648575261605,0.2554632119919791,0.22614634910186757,0.09625988133938407,0.2304116483298545,0
1,O2,T1,0.6658363516605101,0.28056799914060904,0.042944686760601425,0.4788328301285293,0.09157109091067747,0.26016080215167425,0
2,O3,T1,0.6371010950299376,0.3473588570814355,0.12633129671913357,0.08595382095641885,0.10238601251515195,0.2656402817591813,0
3,O4,T1,0.6872403584527711,0.2540031171854263,0.0170340584616523,0.6033213717804562,0.09621877713126131,0.25923920515973,0
4,O5,T1,0.8897497967058681,0.0735277310268125,0.007818772160932307,0.6927643921287567,0.12054742643840799,0.262105485958245,0
5,O6,T1,0.9139349293306025,0.05353254674540163,0.024636773028853646,0.5664271352066995,0.12700033147382334,0.27467365787339537,0
6,O7,T1,0.851264132255229,0.20840346090971845,0.16420346634936928,0.0829059043262203,0.18295054957270568,0.3157588420960843,0
7,O8,T1,0.7550297066315892,0.18452239624140118,0.05548019354386492,0.5621681819463279,0.1143922274021204,0.3143711595402052,0
8,O9,T1,0.6556719051404647,0.16183762544057848,0.13143078602285563,0.4159214497546996,0.14181216025753007,0.3038096772703923,0
9,O10,T1,0.8598657200528503,0.0787036103986037,0.04521832666419551,0.6978917175950686,0.12868773009848194,0.3058463206684162,0
10,O11,T1,0.7242011998643436,0.17635274990491703,0.16431479060706186,0.33295872336695387,0.1376905466082889,0.30967170461099314,0
11,O12,T1,0.7689739207192576,0.2536224933546604,0.14545879099881182,0.07039777757748877,0.15244582368055026,0.2231536012741061,0
12,O13,T1,0.4968272283386317,0.48957099084565137,0.2335343546424435,0.15187426123533218,0.15476720676736827,0.47547392051691517,0
13,O14,T1,0.7564751752588297,0.34535802779131836,0.181823067850853,0.05923296478833645,0.11170349664218754,0.3453790622334829,0
14,O15,T1,0.6543478704586008,0.6636899480596689,0.4118641570076114,0.1376606718579133,0.09504011977481808,0.3850710579008394,0
15,O16,T1,0.6027751954288894,0.6047974022473376,0.25612637944245237,0.16680833202999548,0.08640768217787986,0.3317282818443238,0
16,O17,T1,0.6704609792093525,0.3921895586011502,0.23189742841445227,0.07641350615896386,0.1959813267747138,0.31635166434932593,0
17,O18,T1,0.9054015663256436,0.060319743368734094,0.03078355930719667,0.7316029789002579,0.12389942874449639,0.2723166640914917,0
18,O19,T1,0.829399798197973,0.45328334815135735,0.255649682927886,0.08312077138442481,0.09257588306704817,0.20094762608266714,0
19,O20,T1,0.7154713954631693,0.13812623412298392,0.08230099128396046,0.693151226918417,0.13369131853919058,0.3166012221998318,0
20,O1,T2,0.82751968121628,0.14354735412093023,0.05553152297347026,0.6048967832502641,0.3405757617061902,0.5831928872541448,0
21,O2,T2,0.6913807296630616,0.15454137624138137,0.06500523782202564,0.7813001384149244,0.30282393182794726,0.6145481307129256,0
22,O3,T2,0.8124414843371301,0.13941989688183806,0.023520334504003548,0.6545671510831055,0.18467997459097302,0.09553419404951957,0
23,O4,T2,0.5578267768484233,0.3528118408700864,0.16202100794521193,0.06319289931125904,0.17701019790194633,0.3521505546528114,0
24,O5,T2,0.9666757845795635,0.02300286897629295,0.006040514641727914,0.5333048806939448,0.3480750282276341,0.5558807187861587,0
25,O6,T2,0.9395104688161631,0.030144488277501737,0.03336911532339426,0.691631871650753,0.3560317726782218,0.6004392480292364,0
26,O7,T2,0.8278191519878693,0.3713321519874425,0.3286676090341203,0.15039769273599052,0.6401785422327559,0.6584074252779676,0
27,O8,T2,0.8043494329789458,0.09990301623183197,0.12412422270595258,0.09107476480340487,0.39326058562664046,0.628958339773144,0
28,O9,T2,0.9134165940914314,0.03988436078698952,0.013743788190146839,0.6324745970196044,0.3506667333794783,0.553620098029689,0
29,O10,T2,0.9578880422221716,0.025412383986663175,0.041767209939965716,0.685817200404697,0.3484244584930255,0.569149870737381,0
30,O11,T2,0.8008443995192351,0.08402765156839397,0.098803596326551,0.5202930281726639,0.3405811590403976,0.5763473299245516,0
31,O12,T2,0.8733842513798078,0.04022927723607424,0.027672247685057393,0.7243777161548074,0.34394786163955693,0.5643063202260757,0
32,O13,T2,0.8897936647101448,0.06901962115323988,0.018641484260356906,0.43715068712642446,0.34014882089974274,0.5621199744208207,0
33,O14,T2,0.7401857650815731,0.1274507509735941,0.02273455428179823,0.8004667486701029,0.31673812248584804,0.5623772019603176,0
34,O15,T2,0.5502684250790972,0.7860109823407725,0.3475130437750936,0.19145312570790088,0.3170553700545526,0.5319229553851835,0
35,O16,T2,0.5479777375625896,0.8197223210210786,0.4892062965239508,0.33684455990851303,0.25614128334189595,0.5171121197348244,0
36,O17,T2,0.7692871593267423,0.21848407684531151,0.2579113713253218,0.19167773612075414,0.467517872682513,0.5977812763945891,0
37,O18,T2,0.9201486491260229,0.09249983896098476,0.035913754731857955,0.5664279633527356,0.364894952668415,0.5479101740947909,0
38,O19,T2,0.7385182705387012,0.36289402274250826,0.2512419710756484,0.1007450458074517,0.2500095182192652,0.43863154101887414,0
39,O20,T2,0.8622119977245717,0.0953644603682516,0.07939173926699385,0.5998922274324431,0.37191393385954097,0.6356373082904656,0
40,O1,T3,0.7160162309325933,0.4646350108042401,0.3142942746177145,0.11844498378582269,0.27785821177742714,0.2633424380994933,0
41,O2,T3,0.7853507270753934,0.18720658229190995,0.04827962684528152,0.6430583667282829,0.24171353990169353,0.18981373395212398,0
42,O3,T3,0.7569181647700196,0.17159599528624983,0.04126292711788161,0.4564764707668838,0.24934054638492953,0.19504142211250886,0
43,O4,T3,0.7305233650504688,0.16171772463312148,0.016248583138319662,0.6442831222825974,0.2483058649013687,0.18354250787166726,0
44,O5,T3,0.9704310140167505,0.026609941208816514,0.0032748357874551985,0.6203372601704913,0.25407648200364796,0.18447107357443093,0
45,O6,T3,0.9466177245846774,0.025612407710293977,0.016074155419714912,0.7235262162231292,0.26218522905398933,0.18584345625772503,0
46,O7,T3,0.8472173306227742,0.31330128973021554,0.2163406192557779,0.08062234927393636,0.2641654261032452,0.17863780580616762,0
47,O8,T3,0.6078919490958041,0.5409994481667084,0.3609340180628661,0.2745106349088623,0.21275549703932195,0.24690391216605934,0
48,O9,T3,0.8864045137121943,0.0996017757382319,0.036367170295196025,0.49485132744257176,0.24559305620766386,0.1895104912543638,0
49,O10,T3,0.8304865948158677,0.12203908226283647,0.02782668068760771,0.6994791005373047,0.25286723942157463,0.18932412118202402,0
50,O11,T3,0.5842938960787181,0.22142441689377734,0.26843821307071924,0.40757082393836297,0.35676094856091095,0.334004252044093,0
51,O12,T3,0.8698199410691649,0.08890122226708258,0.028046562526003672,0.6790833727835821,0.25238305421391577,0.18532882821400232,0
52,O13,T3,0.5218881151249564,0.5721974047835205,0.27027871658089525,0.13983281759540783,0.20119557980030883,0.10956931042817175,0
53,O14,T3,0.8300685885380976,0.07529219350036571,0.005922953218672821,0.792318038541851,0.2590215991592497,0.1851382790297852,0
54,O15,T3,0.47925738164985043,0.8668999049255544,0.665121415219169,0.375063568243048,0.3044645781712298,0.373731521225077,0
55,O16,T3,0.8750564375708052,0.27107996464240447,0.11807767340114184,0.04251523914284612,0.24353293468917853,0.18954139913541235,0
56,O17,T3,0.8093318881210738,0.14658426604331337,0.0195066243299014,0.5062687506560363,0.24331549203044944,0.18001402279732148,0
57,O18,T3,0.6329353241888365,0.5843395489306006,0.5799640251073556,0.23868909030134142,0.3055688891070864,0.33957648319845324,0
58,O19,T3,0.9073697809509444,0.08993099666938842,0.029599605120253693,0.6455761040496845,0.2236280434401942,0.18546476088852748,0
59,O20,T3,0.7261532873381729,0.23500130270542105,0.07267551445051242,0.5531143499582826,0.23715764640445114,0.2026798757035494,0
60,O1,T4,0.3344962575886177,0.8011341900211043,0.4388023362243634,0.28027433653253,0.15184113330120907,0.17344396623794134,0
61,O2,T4,0.7833487438027515,0.11249946771242259,0.04494601476975775,0.6763636235852094,0.18344429193708828,0.10264850597282665,0
62,O3,T4,0.8124414843371301,0.13941989688183806,0.023520334504003548,0.6545671510831055,0.18467997459097302,0.09553419404951957,0
63,O4,T4,0.7160686245131047,0.14862271201454366,0.01235098873625581,0.5939060567934736,0.18303490165384123,0.09301829677693774,0
64,O5,T4,0.9545820108587733,0.020610655250329218,0.007063533040270218,0.7552929548487677,0.19205725339009977,0.09145914431858004,0
65,O6,T4,0.9700539075838925,0.025303523327431885,0.03384118014122209,0.5695581989032513,0.19123934196953363,0.0875847089413126,0
66,O7,T4,0.8468117425807273,0.23454240829527326,0.21009758669298198,0.12353603632022456,0.3047837271492989,0.3134369314751565,0
67,O8,T4,0.5594547577606734,0.6641771313638681,0.5015033943217057,0.35487990937051916,0.17498228976819968,0.27709234830231966,0
68,O9,T4,0.8733037232523899,0.09278960664894295,0.051424434760325,0.4567536835041751,0.1889739911140635,0.0874317410873453,0
69,O10,T4,0.8930298661017764,0.07815055377212257,0.021106615470837035,0.7699550336475927,0.19548201386188097,0.10920958432560357,0
70,O11,T4,0.5580605608980966,0.19038094851633217,0.15486750254008383,0.2586003313542471,0.22850708812562393,0.18468527985477357,0
71,O12,T4,0.8972321540933885,0.0764248020312293,0.009717881767068757,0.8371541304250462,0.19034553588462488,0.09152775345138159,0
72,O13,T4,0.5736258128881646,0.5044007093011716,0.3189571505886094,0.12993282478072213,0.18060611870822518,0.265156709655584,0
73,O14,T4,0.6563159616017358,0.4868296387442962,0.3257841879730675,0.11633258712236805,0.17706777528755174,0.248891853639979,0
74,O15,T4,0.5218538480251493,0.8422351052664558,0.3730720672124017,0.24378825268518814,0.15730038879234787,0.318257168737322,0
75,O16,T4,0.7814929262636339,0.13314204351254055,0.025299853329861895,0.0,0.18021364352858116,0.08764643070742745,0
76,O17,T4,0.8077991829841835,0.1333787353039629,0.021834421944176553,0.6578124818284097,0.1853752686639346,0.09959763546779504,0
77,O18,T4,0.8374601648713482,0.1114032239536547,0.037258607102860455,0.6997150121356511,0.18927923797070484,0.09581376967831967,0
78,O19,T4,0.749463500313237,0.18888393958024555,0.10117868306875699,0.052703867292115764,0.1859686311096722,0.09422160414709774,0
79,O20,T4,0.6468964249884905,0.1789732890066454,0.1023467452545925,0.7886898162135255,0.190493573370144,0.1249692360773807,0
80,O1,T5,0.6224066825267336,0.5057648575261605,0.2554632119919791,0.22614634910186757,0.09625988133938407,0.2304116483298545,0
81,O2,T5,0.6265440196848044,0.19048278701508425,0.06458621134067952,0.6319541069748453,0.13341235966643283,0.33218563765410525,0
82,O3,T5,0.7296261960421817,0.4046994537490154,0.11105386806451664,0.05244343446888283,0.11879603525892635,0.3537643885512377,0
83,O4,T5,0.5578267768484233,0.3528118408700864,0.16202100794521193,0.06319289931125904,0.17701019790194633,0.3521505546528114,0
84,O5,T5,0.9510588716450754,0.046118204525442005,0.0028211458773962257,0.7676885396377751,0.1541920057618263,0.31173056308366454,0
85,O6,T5,0.9445877453935596,0.033719891842859354,0.0316850193270727,0.6388442170132936,0.16560038509283148,0.31312882835490197,0
86,O7,T5,0.8604796357020339,0.26034032573735094,0.2042727092233088,0.09266615923999366,0.17991038338697657,0.34503307572427755,0
87,O8,T5,0.7206007660541398,0.18822500291954694,0.09955603652347339,0.40639049276742756,0.15255562372415715,0.3986342644368386,0
88,O9,T5,0.7590161370077579,0.12343085705562312,0.04564201488240488,0.6181279610085848,0.14409298802593945,0.3030225959161873,0
89,O10,T5,0.9342628229634018,0.022979061381351158,0.020412443714987284,0.6624919104612091,0.16183201666563618,0.32981927225678853,0
90,O11,T5,0.44925717196605186,0.36184139130034865,0.34929786473968527,0.6340355350191903,0.22255112513715375,0.3997031919420261,0
91,O12,T5,0.876824133351656,0.09796895551251877,0.020625928832549146,0.6716913017942611,0.14734121264864247,0.32235253478042203,0
92,O13,T5,0.5735294978934737,0.5590584390085999,0.2833831293457272,0.23787782858191645,0.08405080253968861,0.40370447007224763,0
93,O14,T5,0.7697430684797677,0.19553476521660265,0.019535267155101104,0.5877085926610599,0.13051788272342396,0.30513687534702927,0
94,O15,T5,0.3401454490390803,0.7908298167948313,0.6978044738752782,0.38094318096427326,0.12230484164820282,0.29174353172106915,0
95,O16,T5,0.47221374173350883,0.7458815428572746,0.33134520599124884,0.20043283793559077,0.11515313529595766,0.30507854924016486,0
96,O17,T5,0.8427513217459826,0.1250736758037119,0.02988270357780738,0.736240659954562,0.14556497142439812,0.33677408955876076,0
97,O18,T5,0.8652263440125507,0.08836560956820046,0.03735453833931959,0.6866560778931713,0.15340075654159224,0.310995048835336,0
98,O19,T5,0.4672823672432407,0.7610274138976648,0.4589331438428159,0.25578687674268463,0.34162754484778746,0.648085283909098,0
99,O20,T5,0.5348144824604262,0.3627236600755047,0.33285907127150977,0.17573589160363626,0.20711495699516358,0.35828783704154377,0
100,O1,T6,0.5838042130459082,0.539540097878514,0.3722607218274516,0.3056180119673203,0.4313417227218952,0.5339175255853905,0
101,O2,T6,0.6458401515687369,0.438828385086787,0.45270214568315664,0.20527403520194712,0.4896396062429734,0.41057788187330546,0
102,O3,T6,0.8430728869222546,0.07143416838947371,0.07964472653997265,0.6276452914090362,0.34738709053097705,0.37614692222546997,0
103,O4,T6,0.82094280045315,0.12183446774950307,0.0239965577825314,0.5101448917170012,0.32213634729003693,0.3831788348528625,0
104,O5,T6,0.8359581549248758,0.39580033945306464,0.3240155982323917,0.1411553309557005,0.33710557999102,0.39061470586576175,0
105,O6,T6,0.9871716224547029,2.130923905620946e-05,0.0,0.8435854437188297,0.3370744780957068,0.38208409303972846,0
106,O7,T6,0.7912514243570734,0.40743157958585496,0.21787311414178434,0.07866065566195937,0.3224111672627671,0.37567660763025235,0
107,O8,T6,0.8868150147813645,0.07752922406806405,0.07814786171903913,0.8507701035665418,0.3437519035877959,0.39163734528233807,0
108,O9,T6,0.764301816626439,0.14219006904883533,0.07360336905885043,0.43555940032690965,0.32296014534157597,0.4401716981830358,0
109,O10,T6,0.7458404988027101,0.30540470181382195,0.24836587666353704,0.15719792100325403,0.3592174333320633,0.36909982954641474,0
110,O11,T6,0.7193517638701032,0.1494021618851914,0.10745675036819347,0.3618287400990461,0.3568613880568675,0.4868171977514305,0
111,O12,T6,0.9127715862572434,0.039553620385961566,0.007312206690172036,0.6946846164566124,0.3272851776216984,0.3714207946532505,0
112,O13,T6,0.9566273829302201,0.04711431871953725,0.009598498673160327,0.7410997682052155,0.34604966019414707,0.3870853575640366,0
113,O14,T6,0.6745017713815331,0.32469122486912433,0.37961365401428193,0.3246884995842303,0.4118267139999223,0.688719141025201,0
114,O15,T6,0.592876820906509,0.7262483477124522,0.6390042948747614,0.3257023407695816,0.3898542730577631,0.503976634435273,0
115,O16,T6,0.8730929434072201,0.04633680392263141,0.018466488551015594,0.8101781101874572,0.3416699339719274,0.389580305598181,0
116,O17,T6,0.8684100458927078,0.10247359030699016,0.0357767701115345,0.6567287250886035,0.3341233590277485,0.40525349868137106,0
117,O18,T6,0.8687231996920506,0.08487930999664037,0.026252416117395972,0.6324663057038431,0.33779014572946414,0.41498129019814145,0
118,O19,T6,0.5558682174175247,0.723803182661078,0.46821897197559,0.31519196812137484,0.28381467274381544,0.3806823291381741,0
119,O20,T6,0.7004329217895577,0.1082472322192472,0.10798590968718472,0.5684832597696279,0.38142388778181835,0.4318571097786915,0
120,O1,T7,0.6771280233557215,0.2168993390584221,0.09971354627635351,0.07861401012600897,0.3180801773700901,0.3406175767351629,0
121,O2,T7,0.7236395346471207,0.1265358008548032,0.03371246464042214,0.7721357146969915,0.32567173161560947,0.3360486984218577,0
122,O3,T7,0.6124535843367926,0.5386117824182464,0.28072605825495694,0.1253437251309794,0.21913775430023286,0.2559967709444988,0
123,O4,T7,0.49786940337323315,0.6263525506059671,0.1682983216976197,0.10596582466995524,0.29660431573280005,0.31506637197949694,0
124,O5,T7,0.9545820108587733,0.020610655250329218,0.007063533040270218,0.7552929548487677,0.19205725339009977,0.09145914431858004,0
125,O6,T7,0.8695122142178215,0.12012761900796037,0.17632715038731733,0.3233614741459139,0.37063813799557555,0.38448344128183864,0
126,O7,T7,0.830170708193879,0.36795901373221923,0.3226796682457808,0.156599076774997,0.471711568829286,0.3495846777011097,0
127,O8,T7,0.6365046754687254,0.4867009020319022,0.41278438362006437,0.21156586210670128,0.5096351549483991,0.4740074514540623,0
128,O9,T7,0.7572818846331018,0.14027808447217172,0.07151887203150448,0.5544335492364573,0.32672653076899283,0.3469926424260794,0
129,O10,T7,0.879652188614251,0.07815756451507853,0.04149650597549197,0.31181407198042455,0.33359644229393504,0.3150239311551837,0
130,O11,T7,0.5882455742320194,0.18445722986156102,0.1916090476049346,0.35924855201366146,0.3332395274667608,0.44027647515732804,0
131,O12,T7,0.8729983411140831,0.1069893854353823,0.01605292387232776,0.625505906167454,0.32081353200985924,0.326783107567879,0
132,O13,T7,0.7696312313170566,0.10732269593774058,0.016010495665606198,0.6283023421695227,0.31556532787035735,0.33389951190171174,0
133,O14,T7,0.9335650898064021,0.05015048562209308,0.0055153655326881275,0.6837987258236556,0.3396000376351172,0.3263327510387587,0
134,O15,T7,0.4373570150900852,0.7816822572599401,0.849905258487188,0.3790673063623392,0.43774132104824326,0.6714725866125492,0
135,O16,T7,0.3968414652127339,0.8465954338811079,0.5948945250224614,0.3931548750177336,0.3241497514396006,0.7460338522005306,0
136,O17,T7,0.7020011073939743,0.5137479802606782,0.3005458740499197,0.1362235303089179,0.23167629580849208,0.2813009939436988,0
137,O18,T7,0.824353339475373,0.11966082894504046,0.04263456765872174,0.6993480296219201,0.3260871951027914,0.34388519058807454,0
138,O19,T7,0.7883729501367607,0.20913037070377216,0.022803528507584648,0.4181689647716732,0.32539980869365465,0.3374091407825732,0
139,O20,T7,0.781387160366446,0.14716837121942525,0.05278666547735006,0.716327078572977,0.33055666073228746,0.3642963376083651,0
140,O1,T8,0.8330490366872811,0.09009775251844268,0.025715187052741163,0.8007555615044663,0.44012904502227557,0.25670067019575293,0
141,O2,T8,0.2345690991470788,0.775128941918927,0.4285483466482596,0.2558993809681991,0.2911849551519511,0.3031309175093999,0
142,O3,T8,0.7710557290200977,0.09845750609876913,0.038941279249548974,0.8186630720213282,0.4414946619021872,0.2503885139488382,0
143,O4,T8,0.24071204464575735,0.9682409399691141,0.7693660057487468,0.411765142050845,0.37052015277870165,0.4384301370018321,0
144,O5,T8,0.8840472324357425,0.04587998284563782,0.012335775883102074,0.6630961738072765,0.4362336929953915,0.24183474911242686,0
145,O6,T8,0.9208228232060427,0.04200389666367606,0.018244689117068422,0.4629084787924652,0.4385414163801492,0.24427675110246927,0
146,O7,T8,0.8062990345979988,0.39703224824870176,0.49058309557871854,0.274915462850721,0.5367583537779359,0.5317747720365401,0
147,O8,T8,0.7281760338356271,0.15428694344902694,0.0824253608608061,0.8810819624316573,0.418794234990285,0.24475406848550474,0
148,O9,T8,0.9487082031435241,0.03572284487189545,0.02597353729184886,0.8881556047797894,0.4660960654074815,0.24556258855703716,0
149,O10,T8,0.8461054424769006,0.10213917521385191,0.016718305966712543,0.7057858397637009,0.43323625987001524,0.23818136488900665,0
150,O11,T8,0.4338102759812008,0.3225327259260875,0.42966088034051636,0.4393732671526138,0.4909905175734278,0.5712463855470353,0
151,O12,T8,0.7951716836988165,0.12702117020558495,0.020601699003505416,0.7671250289884353,0.42547456782107584,0.2518280245262584,0
152,O13,T8,0.7380481865870396,0.21066638340235905,0.02631966096046633,0.7371202883842219,0.414754557850352,0.2486626332567894,0
153,O14,T8,0.8098236020714342,0.22122413556630738,0.14538956516432486,0.1611257478155659,0.37130841768626066,0.2855119982340296,0
154,O15,T8,0.0,0.9456241116888149,0.8417023521085302,0.4781793347208455,0.37762382283989526,0.44437013376810475,0
155,O16,T8,0.5685027511328764,0.7016248001888548,0.3860308558458449,0.21463705236994943,0.3208372248856356,0.41352740299171853,0
156,O17,T8,0.855295042265118,0.0742128160145288,0.04756180814778632,0.6967964036033586,0.4574300080779188,0.26371456209945376,0
157,O18,T8,0.9333274851180597,0.08020758230655799,0.022979424935141112,0.6004726702954809,0.4311984415668467,0.2445286554293702,0
158,O19,T8,0.6349901404836849,0.536910888680792,0.37549698547920524,0.15039499119931346,0.3300914846724892,0.4023530150479161,0
159,O20,T8,0.6762265722652399,0.17141162027087609,0.1536051200317257,0.8658339028459104,0.4345804002671828,0.2906687807693743,0
160,O1,T9,0.5430142427089035,0.46822205045042964,0.2435772939468186,0.18088985359340318,0.14630852697771868,0.4131240683564501,0
161,O2,T9,0.6955809339479031,0.21522073557897992,0.05574891096726571,0.6784354053647843,0.12496035549202933,0.486152749078512,0
162,O3,T9,0.7291344418757877,0.17477220204288862,0.0315110087789091,0.4578204725969869,0.13751293666080294,0.5219230019319849,0
163,O4,T9,0.8318454863678535,0.14169726627565504,0.020960567915609064,0.569960339075032,0.13015831693341873,0.503481550240078,0
164,O5,T9,0.8804845258495746,0.2896839862071442,0.20080958433911622,0.07803160118093647,0.1892060891275627,0.24112727210690776,0
165,O6,T9,0.9190225835891037,0.038861392496800484,0.010649563292651421,0.604602525949254,0.14239953336306743,0.5163300434766389,0
166,O7,T9,0.8599061057426978,0.3141480631723103,0.2586114163939841,0.08273406266266131,0.19269755634296393,0.185279026079613,0
167,O8,T9,0.5029563524099143,0.6520801843768979,0.38928665531816575,0.24265351050829462,0.1707379675697307,0.25524781707262734,0
168,O9,T9,0.8002408458041703,0.1387460590886065,0.052943151547365494,0.5262593133090461,0.14389324774663115,0.580444153272255,0
169,O10,T9,0.8874124156052452,0.05903711331077939,0.017645656596128937,0.807679349177683,0.13834148700501475,0.5260876854813796,0
170,O11,T9,0.5614700569113329,0.33739704815687455,0.36258103271566955,0.36735676277810814,0.313117154732205,1.0,0
171,O12,T9,0.8538913641641965,0.06322883226266839,0.0029040388505906407,0.587800318959475,0.1411646249147041,0.5302668643320803,0
172,O13,T9,0.5678813704780481,0.5242333115114629,0.2427499300529617,0.1301973247905966,0.12833724980612116,0.313445676510936,0
173,O14,T9,0.8888160047077642,0.13013228052997,0.006775575399042211,0.5773942165935096,0.11005824766750621,0.4971646181658331,0
174,O15,T9,0.7659174970335001,0.23811223986050598,0.11056602256922901,0.02976869580113463,0.12566826037877055,0.48128524561398056,0
175,O16,T9,0.7107963917406432,0.47923590733538424,0.14214606265458618,0.07195039405392198,0.10593049991189299,0.2520339078625061,0
176,O17,T9,0.7887540202201744,0.13544832232377976,0.029392121683372952,0.5085830479662607,0.13076551290262284,0.5250834777119295,0
177,O18,T9,0.8545637036279814,0.09298800757843846,0.037688351716824456,0.7045199017465164,0.14283801802010576,0.5995584301816959,0
178,O19,T9,0.9017161859462628,0.06485240129083268,0.014428554939862299,0.36365747468274257,0.14355898635451053,0.5323154667902917,0
179,O20,T9,0.7383855727249768,0.1921501402798606,0.07209086888274126,0.7918027469990722,0.12067263556053887,0.5289721650448294,0
180,O1,T10,0.6852489049380517,0.4233943048570076,0.36709915762280393,0.14923933235088388,0.314996290318793,0.13866826374314645,0
181,O2,T10,0.64886771779324,0.21103078419393775,0.06648518198597272,0.6439308430099323,0.3911873621882489,0.016536112838526795,0
182,O3,T10,0.7877311519480421,0.18696791590217435,0.03246795507568191,0.7223804475705462,0.40184974579053,0.0026705008093450555,0
183,O4,T10,0.7586197826127994,0.17084249671642038,0.03333344044268807,0.8280323647083409,0.4146648940642278,0.011412518336892996,0
184,O5,T10,0.896389904123224,0.08638691046370062,0.012596070472961799,0.6584503566531817,0.4323351490465017,0.00396391008141922,0
185,O6,T10,0.9280466620555443,0.03799549578773126,0.005639432814037105,0.6582210268707962,0.4532586358817471,0.00586270195148314,0
186,O7,T10,0.8877209105970323,0.09877554846322704,0.026584696722793327,0.54723448065885,0.4448385879618413,0.007801666021684528,0
187,O8,T10,0.6326881819561447,0.2821471469558953,0.33666080649125013,0.27619399438836845,0.4102647723470112,0.14259880208741454,0
188,O9,T10,0.4375017404600805,0.7332938466188701,0.615211053876141,0.3491923810723069,0.4208062628618239,0.19511664502230797,0
189,O10,T10,0.8947884825927521,0.051632688565310614,0.041714216662617515,0.7187356750543179,0.4539341411722352,0.016111728431483896,0
190,O11,T10,0.6271934220168411,0.2555056536880297,0.33389522485760414,0.4089216034284989,0.39716330877208283,0.12294538436354163,0
191,O12,T10,0.8094756875781761,0.09604519142827754,0.01688079033968309,0.704636494165399,0.43091475274906976,0.005536294019141741,0
192,O13,T10,0.8280146900886369,0.06705947321184652,0.032923880823935964,0.6354750937957785,0.4702822432269017,0.004997497137218254,0
193,O14,T10,0.7303678672189218,0.11983124880497925,0.02171071549064626,0.7452581137769501,0.4301426404446653,0.00015801767075135364,0
194,O15,T10,0.42213499071367133,0.8563983334313631,0.44585242813266307,0.3113484033748132,0.2998332058501995,0.07179178033337935,0
195,O16,T10,0.8520665601477035,0.11452522248094107,0.016826380460140917,0.6890286991160579,0.4061446013303992,0.0,0
196,O17,T10,0.7739947430513783,0.14732209166361476,0.049355036076871736,0.6633776375173811,0.4001871927537345,0.012189893037508448,0
197,O18,T10,0.68871629227755,0.5896154058231096,0.44582067525338925,0.22409149259975594,0.32758137848326097,0.1810486490245946,0
198,O19,T10,0.8524020371236234,0.06783146622755874,0.01530550597626611,0.59240065459413,0.409209983540897,0.0005753769948783627,0
199,O20,T10,0.6188649958911383,0.18396113537391712,0.12532834597916742,0.6069141395858773,0.426889767508702,0.01709483850393606,0
200,O1,F1,0.9149900237924804,0.02272335347708961,0.033970065265447866,0.9269134939559138,0.8613542106518791,0.3131266081576707,1
201,O2,F1,0.9363017181148297,0.06083514533680316,0.0634814269521209,0.7769717602872056,0.8769732586628608,0.31070499778694605,1
202,O3,F1,0.9273921818760145,0.03063885850906554,0.02332206210018153,0.9999999999999999,0.8775000786865365,0.3163160723633368,1
203,O4,F1,0.9824097930333435,0.02223984643494738,0.03773339936847957,0.9187487857549375,0.8631957756696153,0.31318929627913916,1
204,O5,F1,1.0,0.0020818679354120267,0.0035413505189880908,0.7849919506354235,0.8747740268470469,0.31115588981731856,1
205,O6,F1,0.32576645022462136,0.9999999999999999,1.0,0.7402161881385662,0.6268213093390321,0.40871610569335615,1
206,O7,F1,0.9277309032211525,0.11802503099612702,0.14712133557626578,0.11483077567172853,0.8638574638670472,0.31319989226632816,1
207,O8,F1,0.8270603097252396,0.1059436630571384,0.18457019613397319,0.8958756629055116,0.8616378528997225,0.31172076581372865,1
208,O9,F1,0.5014123102242198,0.962144945103231,0.5280429652423995,0.39760814844731174,0.7398174442813226,0.42652027488833333,1
209,O10,F1,0.793316290899988,0.11458213762564884,0.14765995994191183,0.677906549535162,0.882663015487093,0.33142819295666537,1
210,O11,F1,0.8870591394336627,0.0801966034975302,0.18061197077810745,0.6342262843717514,0.8877608000975427,0.3208073634296744,1
211,O12,F1,0.9628005725810116,0.03127742097104133,0.026317241212420888,0.760793294017385,0.8750104545527105,0.31131970139552645,1
212,O13,F1,0.9908487702431583,0.0,0.01173541817287688,0.7355068657344181,0.8699375361444629,0.3107676035589042,1
213,O14,F1,0.573648247132367,0.8512263284021527,0.9457328792622743,0.5469713803472487,0.7874537079776689,0.465406040767275,1
214,O15,F1,0.6579393568520882,0.6072007280978408,0.2620949656547294,0.18683727077869264,0.030870760636076466,0.1824067983044908,1
215,O16,F1,0.9970168181516001,0.011426571188389297,0.008798570936508422,0.7508894443494579,0.8728097865161558,0.3113307876507071,1
216,O17,F1,0.9498263933831033,0.16940959547913956,0.22150970764375943,0.1495388172840147,0.9999999999999999,0.38047181561893206,1
217,O18,F1,0.8751603063975515,0.03796458081661881,0.051816813948956486,0.7517921858793848,0.883652775097239,0.3154084753191061,1
218,O19,F1,0.34833003540951646,0.852946918519191,0.9756968200192552,0.6986667693239871,0.6916637085208703,0.40484166716239944,1
219,O20,F1,0.8501956970495907,0.11806628407697331,0.14246921736655888,0.8065553657563228,0.8594964738268255,0.3224353649265711,1
220,O1,F2,0.7850259758576414,0.14668738622927172,0.030128498271215148,0.5779194736035278,0.25926276584467756,0.2597411752785289,1
221,O2,F2,0.7432906725953559,0.2472136683232707,0.029797480081930127,0.5503617317694957,0.02935189110477779,0.13000501619456883,1
222,O3,F2,0.7267656127804476,0.15652541115541393,0.028929893559356473,0.7267414686824725,0.23535552433899365,0.2553267389024504,1
223,O4,F2,0.7758831281676808,0.07911830525971929,0.016292510761431445,0.5583168981754424,0.25459417213843716,0.25681498646061796,1
224,O5,F2,0.9704873037792132,0.027011627529564545,0.0033253655683959903,0.7534888860804199,0.27869120973639117,0.25718961071902513,1
225,O6,F2,0.9208379756134333,0.07188090296020094,0.05973193915387559,0.47855481558426904,0.29218814422283457,0.27092472689016556,1
226,O7,F2,0.7620459390653243,0.4532756106080349,0.53942876763965,0.25842351600454117,0.5199243118846115,0.7586761730233823,1
227,O8,F2,0.8315161945117304,0.10287251274267764,0.08602350262096492,0.6721412667814214,0.2610845222326186,0.267491534649701,1
228,O9,F2,0.5866626037513569,0.4753102619826762,0.3171531665961421,0.2616064231297731,0.27584945414564843,0.2934604658192199,1
229,O10,F2,0.9167310509783211,0.05201921097970112,0.04444118721730894,0.7202795668644961,0.2786644392108083,0.2733518242769819,1
230,O11,F2,0.4485823067483654,0.2389067639688631,0.27965142642515517,0.5191459076380017,0.11441999584016149,0.3626851187497011,1
231,O12,F2,0.8077655102711665,0.1143927229298688,0.026796004975058126,0.586988874850635,0.26132238401627217,0.2593968823554704,1
232,O13,F2,0.5878716413492278,0.5849567025568975,0.4059083435178031,0.21656922441476553,0.2231675347983566,0.4305751704499974,1
233,O14,F2,0.6538337989753593,0.6196910739982425,0.4043828798411744,0.21200910677347432,0.42701478209228905,0.47144558774493417,1
234,O15,F2,0.6062262175691808,0.8111489116415974,0.43234210853113164,0.27755478005049916,0.1985371232133218,0.2727624355450471,1
235,O16,F2,0.5482143989898249,0.7855875275570222,0.5960486708619218,0.39298211213082457,0.23223742627683458,0.3742110449571301,1
236,O17,F2,0.6307982756481492,0.5483859057554425,0.4253240122839282,0.18662641233480184,0.2154334853976353,0.3318865117059082,1
237,O18,F2,0.8212121599548143,0.1037978392644387,0.06192900458319052,0.6679908881378418,0.2745224926109458,0.28579408551295893,1
238,O19,F2,0.5026490992576091,0.7184784107653509,0.4108096983751643,0.30867937761686437,0.3995325473103376,0.4180632084565802,1
239,O20,F2,0.7063984358105553,0.1945260237033603,0.1438468565140446,0.1416270055384642,0.24479101807260595,0.25964320926521045,1
240,O1,F3,0.8718849687326697,0.09993920075948366,0.059781226695816383,0.7215750326777833,0.277077866447834,0.38663533959337115,1
241,O2,F3,0.7281768512128646,0.1866254203691934,0.06379653937067696,0.5346623347902982,0.2757867912451967,0.3999684264130817,1
242,O3,F3,0.8389187667911133,0.07310784226776941,0.061130424628788704,0.5906516940043908,0.29261399869894544,0.41662096539468096,1
243,O4,F3,0.696896917207686,0.17856735702483564,0.036584886889912335,0.827213031245891,0.27597600367707276,0.41798427525113746,1
244,O5,F3,0.8783826547950362,0.07066976270381276,0.027992995449381112,0.6754036528583289,0.28317355364986635,0.4149106540666506,1
245,O6,F3,0.9386246666802744,0.031789646969894156,0.028573309675282935,0.6222018397859097,0.2974527018223553,0.4100868581555015,1
246,O7,F3,0.8161428315207084,0.40353751968308665,0.3801092502367176,0.14528785582321618,0.4791898179629315,0.7428162891970768,1
247,O8,F3,0.5616622321306379,0.6573599388118426,0.5072220581754333,0.3014416074306162,0.45572605190080206,0.8290342328964139,1
248,O9,F3,0.6362739795966035,0.1585643005418505,0.12857927263364982,0.5023778151732856,0.30776439509073705,0.48310171363413934,1
249,O10,F3,0.9462015423486569,0.0284226445709905,0.03158253599829336,0.60181952580932,0.30485075268245887,0.4151339288582322,1
250,O11,F3,0.5020242985788421,0.29095805113678846,0.4525077322964946,0.656364530200393,0.32737834443933644,0.7351084622755287,1
251,O12,F3,0.9063378801614954,0.06283768120762842,0.014400205233704753,0.7259325816365821,0.29015057046706805,0.4162131128075701,1
252,O13,F3,0.5008295219071814,0.6480781794217978,0.420818907615258,0.29540574122260566,0.23656803745447758,0.510079341403434,1
253,O14,F3,0.5311771996961316,0.7338225926176332,0.44359352122089873,0.3389058295506986,0.23846429849709289,0.7374248759658716,1
254,O15,F3,0.6482829757164086,0.47742204008555944,0.4423151194741163,0.1515754639587817,0.4320904964853298,0.7483061214618932,1
255,O16,F3,0.5069325535264952,0.8408737844122468,0.5046896317820645,0.34821763359391056,0.2512333730379514,0.6286891054373759,1
256,O17,F3,0.8443110862121301,0.11282585192254688,0.06216160464443529,0.4616686012661757,0.2924666641647898,0.42351628303934163,1
257,O18,F3,0.8871877107942274,0.058867844904576444,0.050991263331925274,0.7395510152923369,0.2819675724122684,0.39757095370295936,1
258,O19,F3,0.9733917896437303,0.029431961935730052,0.014306198936573113,0.7970193651721402,0.3020553169206137,0.41791379205435597,1
259,O20,F3,0.8325457857152401,0.11628560480690642,0.07025877676246108,0.7305807293294658,0.27970548451621563,0.41570183511415293,1
260,O1,F4,0.7069248134375292,0.4990048062112181,0.3512297830311463,0.16607280846160663,0.3233485253217498,0.46748477827215906,1
261,O2,F4,0.6833235457123399,0.1624530742019632,0.04311917578962225,0.73595140629041,0.25492090742627027,0.5909396298835445,1
262,O3,F4,0.5783353176510291,0.5221504429382408,0.32670276554116906,0.14125750338824106,0.27188007126255725,0.3544028906284974,1
263,O4,F4,0.6789017180531252,0.2144738769802007,0.02626864537502566,0.5184094678212595,0.2399454580082529,0.5866529238749327,1
264,O5,F4,0.8619815417394436,0.06121485334196697,0.00564569186518089,0.6316824655380119,0.09309258817413243,0.4171533784368816,1
265,O6,F4,0.9315980895076912,0.03551035485308676,0.023247787614436657,0.5835075579193187,0.263876761760124,0.6064962171205404,1
266,O7,F4,0.8597465565215932,0.22961568626074483,0.13567860077107788,0.03198342352595167,0.3094658773879928,0.6698629530489378,1
267,O8,F4,0.5547773114878076,0.5906281966105822,0.351121175151173,0.2507887942210404,0.33020941980436286,0.7246746054769003,1
268,O9,F4,0.740627601914233,0.10890787295246387,0.1054991617290231,0.5805932817190972,0.26649705414839386,0.5814531641984472,1
269,O10,F4,0.9082323263849892,0.06602391440612397,0.03277367840046176,0.874105654666922,0.25430947096398293,0.5765783267291685,1
270,O11,F4,0.6670476419507829,0.23250946269574332,0.2617834864810363,0.4726829265604914,0.3286101580488922,0.8523157588339062,1
271,O12,F4,0.8580173485794949,0.09108547402328784,0.026508826230870638,0.7499660894357977,0.25966584827754063,0.6099520749616809,1
272,O13,F4,0.6951535719394402,0.1530374475228573,0.02123568263182719,0.746675172319573,0.2505184379440873,0.5841305433440164,1
273,O14,F4,0.7867732133655445,0.45703931221458155,0.17032057794114408,0.08567884002484594,0.26595226713943676,0.5966882940299958,1
274,O15,F4,0.7530006774139837,0.4334148915545698,0.30873501638119794,0.10104661748127652,0.19260043038722768,0.2411923863748685,1
275,O16,F4,0.7658124758411389,0.38146060046639196,0.1590166374491263,0.07829958155965291,0.2610948191165001,0.589197006175344,1
276,O17,F4,0.7679362078475798,0.1657621080572404,0.03028957196327803,0.5048447228728024,0.2442040063501834,0.5805770489402325,1
277,O18,F4,0.6541721081006266,0.5721063578708095,0.4742809732361846,0.28180622840736524,0.226339129353969,0.5337210535390738,1
278,O19,F4,0.5580619296697349,0.5888662812642775,0.3271504726622889,0.20071368665139663,0.17867673314288252,0.4662275006522918,1
279,O20,F4,0.7008965646205576,0.1948542223201705,0.0860779265143078,0.7477353095735205,0.2474862618522305,0.6124836836158979,1
280,O1,F5,0.6681572839729557,0.4390972634642799,0.21808784097042289,0.13482963321498262,0.019655324656358608,0.08981604441777652,1
281,O2,F5,0.7432906725953559,0.2472136683232707,0.029797480081930127,0.5503617317694957,0.02935189110477779,0.13000501619456883,1
282,O3,F5,0.772584438993345,0.23209336026304736,0.025018690746461163,0.5796301374690257,0.028074665120924658,0.11125059550475358,1
283,O4,F5,0.4713155267808955,0.6979045405804915,0.1312039070619086,0.07429830451153385,0.0,0.1076840542801859,1
284,O5,F5,0.9309162039165733,0.05294149082710488,0.005533776138397926,0.6252471513664989,0.05096347950261035,0.11232095326475627,1
285,O6,F5,0.9208379756134333,0.07188090296020094,0.05973193915387559,0.47855481558426904,0.29218814422283457,0.27092472689016556,1
286,O7,F5,0.751157457317964,0.5309312362911521,0.47063285125773907,0.18502508784532337,0.06426007316485113,0.13083089016497707,1
287,O8,F5,0.7670546412490094,0.14233132649766012,0.07528968348070007,0.6702693506566411,0.051639730282846213,0.12836648801305434,1
288,O9,F5,0.7308745208170149,0.16187583005357384,0.05414391770511005,0.4523436776249302,0.049557501159065265,0.13371913977190192,1
289,O10,F5,0.7118764525394834,0.36891046163887736,0.13090298384480198,0.07726213609811472,0.044490085054872064,0.12692437824724195,1
290,O11,F5,0.4485823067483654,0.2389067639688631,0.27965142642515517,0.5191459076380017,0.11441999584016149,0.3626851187497011,1
291,O12,F5,0.7531383732998274,0.18584470899735353,0.02133733753813093,0.6735269569489508,0.03637725799475969,0.12831761556383664,1
292,O13,F5,0.5941807316697001,0.5677941610243065,0.26655445750943624,0.1652256906670545,0.16910822596890707,0.3307756379290897,1
293,O14,F5,0.730018119713892,0.1840100132333828,0.011038493358703851,0.5957570300861633,0.03149975123507287,0.11081881019594547,1
294,O15,F5,0.6579393568520882,0.6072007280978408,0.2620949656547294,0.18683727077869264,0.030870760636076466,0.1824067983044908,1
295,O16,F5,0.6461267411643017,0.631416094901925,0.2962673155366413,0.17884100666650476,0.16893811503891304,0.4931540688932855,1
296,O17,F5,0.729001077257442,0.35025682037235656,0.20974769334960003,0.07780617781848756,0.1484627065069115,0.2441797951386533,1
297,O18,F5,0.839011994986345,0.10996875906059145,0.03173849809825367,0.6922607057846727,0.05183080053543537,0.12282525104959391,1
298,O19,F5,0.7818466333170266,0.5161725956708195,0.283037789140371,0.1523507863503079,0.18919784806962142,0.47576049246111995,1
299,O20,F5,0.793150984989115,0.18454634564594902,0.05323565809693505,0.651112256290506,0.030409674438250933,0.13185647856995547,1
300,O1,F6,0.8882608423012064,0.09150809249746931,0.026294986357849114,0.5002345801216035,0.09743963782753234,0.411948260935894,1
301,O2,F6,0.8393083988433738,0.17575701777365677,0.05351337568309705,0.5513499780091289,0.08170567267075629,0.40041788543352475,1
302,O3,F6,0.7904953014090812,0.14067665699120677,0.023824522590349246,0.6577759872027538,0.08990109934193058,0.4249593057230011,1
303,O4,F6,0.4173985521022874,0.7340470534820194,0.3489835380801195,0.26956865346704273,0.06850635688885437,0.30582935321958327,1
304,O5,F6,0.8619815417394436,0.06121485334196697,0.00564569186518089,0.6316824655380119,0.09309258817413243,0.4171533784368816,1
305,O6,F6,0.9635803405254588,0.026277689259096525,0.03203994645581326,0.6356714634167626,0.11013269002109805,0.45622721583706505,1
306,O7,F6,0.7493860655149183,0.43087131497900005,0.4610260841655194,0.24452562196222913,0.17221070644597775,0.4573287592640045,1
307,O8,F6,0.6528647375627594,0.358209666264532,0.37841516012879284,0.28271564229326296,0.23803231217551518,0.7615615801609535,1
308,O9,F6,0.7494330630484325,0.1849419548096751,0.029078660361350293,0.49720710900734766,0.08943260940616757,0.4286771784651462,1
309,O10,F6,0.9063585402966279,0.06644871832194073,0.012299426806011735,0.67619582862037,0.08937793156640089,0.40973899404925807,1
310,O11,F6,0.6420212173895439,0.13628513819467672,0.10223501586786302,0.5586762642160386,0.11121806946762569,0.5082578163443537,1
311,O12,F6,0.8460835339019717,0.1256763397957621,0.028334203151804693,0.7545370235174429,0.08775282936884984,0.42851111470278513,1
312,O13,F6,0.9561653752076102,0.0192444622886223,0.009033377984294846,0.5317587005493366,0.10086812381217794,0.4346286552330946,1
313,O14,F6,0.5534954805755206,0.6677654169071022,0.3420901086272682,0.2523548885556606,0.09343184363037002,0.30730132966842116,1
314,O15,F6,0.6313582490529104,0.42640689309111823,0.2654053963970556,0.09047918337800712,0.22287750467319722,0.16993769131262004,1
315,O16,F6,0.5795231834463523,0.7467944584336288,0.3135572699831638,0.19709140524042626,0.038322825992084614,0.21560618766554107,1
316,O17,F6,0.7254654321740674,0.38343168784540466,0.29173946320983013,0.11587794098865942,0.24751001393319266,0.34308920800253795,1
317,O18,F6,0.6765623537667298,0.5387780292094972,0.40709702322799757,0.17956082425622694,0.24279007475805925,0.5177710214485,1
318,O19,F6,0.7954897733030926,0.19578774597359494,0.02586977728705762,0.5585019881737782,0.08392302085929687,0.4226447036590606,1
319,O20,F6,0.765815901174661,0.15078606752158877,0.07028213301543136,0.7011584221264829,0.10485629340440411,0.46215488813632233,1
320,O1,F7,0.6282826104399111,0.6451824351840134,0.3755366330025355,0.26978916613294773,0.026738510332257215,0.23096678537257598,1
321,O2,F7,0.8298139224828036,0.2053974275873567,0.04934932363261407,0.6969818185533766,0.03114965469348749,0.26485603058417706,1
322,O3,F7,0.8172460856421901,0.21880078524328334,0.0299722988912018,0.5743867067031307,0.03228675479917728,0.29439880486575165,1
323,O4,F7,0.6473705651144543,0.3738096745578385,0.18860596463658424,0.08003180075243398,0.040606324493153906,0.3146770803900475,1
324,O5,F7,0.9238643541967497,0.1204974365261329,0.017341780492678358,0.653477841651045,0.03388083011123197,0.24549620221321444,1
325,O6,F7,0.9370735027928938,0.038738269301818416,0.019957233474740765,0.7407986729978627,0.04516923350615035,0.32988745673708364,1
326,O7,F7,0.9240706418220901,0.08299260153806448,0.02032554529220648,0.7388583977425747,0.03889109107562247,0.26610443908068004,1
327,O8,F7,0.6302031323078827,0.6945151185856824,0.48789278219357834,0.24002468075231492,0.1569717074613198,0.8170075565559495,1
328,O9,F7,0.7671761563839752,0.23721616737682819,0.035478146942101926,0.5572522406156613,0.031229878683536078,0.28479769343417416,1
329,O10,F7,0.9306406526831945,0.04855428025835199,0.04870403486656498,0.8580820271965204,0.042503771955563846,0.3101891903354822,1
330,O11,F7,0.7153870881474376,0.20478385741858618,0.08076384830650135,0.6213468759897576,0.045148588224314584,0.4250578910431252,1
331,O12,F7,0.8581013296918223,0.1024008547524426,0.029494563399920258,0.7355751225172684,0.042277063572243284,0.2791191623005925,1
332,O13,F7,0.6528709762642455,0.3035402777493882,0.045284637494707486,0.07997619885351563,0.05406972916871136,0.28168835734681663,1
333,O14,F7,0.6624837981511651,0.8269282729445185,0.35579800413273266,0.2609855638134615,0.017251334131129142,0.16702793103501745,1
334,O15,F7,0.7486051539340925,0.6070514362617732,0.19310986095426055,0.07796944939115467,0.03311275940960376,0.24965796426024467,1
335,O16,F7,0.6083186518153987,0.905717705518178,0.35766647631562076,0.24410292678431383,0.0,0.1110934130040081,1
336,O17,F7,0.7674474128311695,0.5546157847084316,0.3381679745347045,0.15771035985320092,0.1969979751491631,0.7624635829160521,1
337,O18,F7,0.8624529502659235,0.136547192499471,0.043014108810673246,0.55312264354747,0.05163152127152712,0.32605942008187394,1
338,O19,F7,0.6941010213173393,0.7622630425141899,0.5383413387895222,0.20938896562160453,0.2864666018467944,0.8352601183074698,1
339,O20,F7,0.6281563255969305,0.7260814045421246,0.3873109904277303,0.22506631342489059,0.04158022796625241,0.2647086385085472,1
340,O1,F8,0.896393600489962,0.07024430157700776,0.040782491156618694,0.9090411471041199,0.7827461169487782,0.21597929434344343,1
341,O2,F8,0.633887154759905,0.6130902302422724,0.5567148829856997,0.2958830550161474,0.9250725740824628,0.551105996725738,1
342,O3,F8,0.8160922781963418,0.14509372930322514,0.04626101774838669,0.7255716956712336,0.7516297041144777,0.2187792574827655,1
343,O4,F8,0.8944654233747196,0.06041690675534752,0.04263933819812338,1.0000000000000002,0.7675167293261036,0.21896123774909293,1
344,O5,F8,0.9814248946322834,0.0,0.012180348973912881,0.9124513048671042,0.7843690492006401,0.20410623926320992,1
345,O6,F8,0.8780784216093949,0.32222109985390446,0.25135624506443366,0.3896544375032675,0.6668221304638402,0.2873202544203858,1
346,O7,F8,0.8355897651561928,0.4303219232423132,0.32551437573651976,0.23506597559514858,1.0,0.5047213216223406,1
347,O8,F8,0.834129903319003,0.1187911215924777,0.11681566940785187,0.9661368868031229,0.830053741577153,0.23190781185241682,1
348,O9,F8,0.7778422309458786,0.11366738052721645,0.06920699373741915,0.8602920311147149,0.780475934782461,0.22272308879534009,1
349,O10,F8,0.9092173419286165,0.07558229967272712,0.07094117596518199,0.6737121647624212,0.8010248951306955,0.22159584238584007,1
350,O11,F8,0.0,0.6621842333351797,1.0,0.7175404493855008,0.7128988192142409,0.6538259651003696,1
351,O12,F8,0.9778595284201375,0.0013782075177007393,0.008326851915956467,0.8899995472995997,0.7973730439757485,0.21749217132622578,1
352,O13,F8,0.9824506263922173,0.014077131901144062,0.008647769422550904,0.7189733149487889,0.7882389745919172,0.21825478588385272,1
353,O14,F8,0.9392109306416927,0.054364752360966,0.010651588478479398,0.8778721823211438,0.7424516669148927,0.21262366729648285,1
354,O15,F8,0.587968673922374,0.8410411586396959,0.6115087530597245,0.32842892911114924,0.5762438114694949,0.4852628816680188,1
355,O16,F8,0.5171113057716947,1.0,0.5189135497963344,0.27405558338476776,0.402222354830421,0.3637789845480949,1
356,O17,F8,0.8295286235095127,0.12221797149449626,0.04539557281118557,0.7509774341706277,0.8015336850882113,0.22336565640598327,1
357,O18,F8,0.8827108805422803,0.09420927296838283,0.04195334988225563,0.7481550224967594,0.8099598239115435,0.22308996604011322,1
358,O19,F8,0.9270110088789969,0.04477036711195737,0.021727174189571243,0.7889484610367052,0.7620796394114039,0.21531528346532702,1
359,O20,F8,0.5748539131941519,0.9214160838625783,0.6641245586790672,0.44588576824142906,0.7240932986795907,0.7728319981655244,1
360,O1,F9,0.8787990361883371,0.15696577656991198,0.028780521974815093,0.6252334650345173,0.08425994155693126,0.05998689731625595,1
361,O2,F9,0.7544955918835767,0.2595924708768306,0.052462182605106544,0.675140844819362,0.0675652720458357,0.021683384587425913,1
362,O3,F9,0.7758820893979426,0.2769970151609373,0.03258501923950215,0.7125141289528368,0.06498339541538437,0.018679843593125134,1
363,O4,F9,0.577862510839481,0.4994928669008485,0.2836273188622115,0.15940791708962765,0.22496315830852517,0.5978974619583156,1
364,O5,F9,1.0,0.006907354661613928,0.0,0.8179893694439467,0.10225289457284756,9.042615016274791e-05,1
365,O6,F9,0.9845841246992739,0.02160612923594099,0.02253280976418382,0.6401995939297466,0.10006200835387549,0.043122172171552564,1
366,O7,F9,0.916505132955554,0.08137796618974649,0.028731275961020007,0.6367464818425971,0.0925911052306386,0.02595117792961077,1
367,O8,F9,0.7326795353516182,0.14083112292860267,0.09293489014525574,0.7555976246545462,0.12155672900983769,0.12093423351535681,1
368,O9,F9,0.6921652346260911,0.6702140735921259,0.3451116667571703,0.19755358709617626,0.21721091857869904,0.46123771077183295,1
369,O10,F9,0.8908853994483064,0.1269056346551592,0.041333608092034985,0.5448279640070015,0.07748036276827128,0.003203281717452655,1
370,O11,F9,0.767175439223664,0.19015328220580838,0.13617601373610544,0.5092679341837753,0.10966599050379669,0.27197839807142954,1
371,O12,F9,0.8381115720372261,0.08621280347572766,0.019114023823941027,0.6479418714132859,0.09201126305156951,0.014321536610322982,1
372,O13,F9,0.7263610011700754,0.21259585957635455,0.024304743060711807,0.8794766759419244,0.06697960356827473,0.021277281291696926,1
373,O14,F9,0.8111660787936303,0.23010583284521577,0.013687117941211434,0.7860247626483492,0.06334615987148248,0.0005921408451409205,1
374,O15,F9,0.6581406424538421,0.5465726609174786,0.2822415492337491,0.1101508822938639,0.22231687478959214,0.0707964898852268,1
375,O16,F9,0.7739918954803953,0.15921806563229213,0.017875159778989895,0.666664013053492,0.07773018412005364,0.0,1
376,O17,F9,0.8393099949765648,0.1482903486009694,0.01862337303884147,0.8185205839986796,0.08255730571982925,0.008546649234578263,1
377,O18,F9,0.8828227644114968,0.13623450258541392,0.03922522543446828,0.6442726072818379,0.08067058404253438,0.01593233069044353,1
378,O19,F9,0.6379866597351911,0.7197227313618713,0.3173559107555136,0.28441133614773384,0.04225502600885869,0.49481344766109536,1
379,O20,F9,0.8077347741384191,0.19908121197928758,0.09409658238176587,0.6616732368041687,0.1095510716007165,0.12236651465211479,1
380,O1,F10,0.8026554813733764,0.2380194382004235,0.021686272080535654,0.6542953904921868,0.042161371868897596,0.5374482206067123,1
381,O2,F10,0.7627294653085466,0.30544467116488877,0.037307113483203605,0.5947749638413347,0.04403013602586067,0.5354113073979417,1
382,O3,F10,0.6387523321153674,0.749566730118662,0.2721038613023572,0.16368909850372904,0.09034675916977744,0.32326366046917576,1
383,O4,F10,0.5774467861235726,0.7707871701090417,0.257246640589467,0.18817343886896443,0.02825952790021488,0.42301569117134263,1
384,O5,F10,0.8989793512574997,0.11505255473777079,0.03248538698037921,0.4989575023809198,0.07388129735977009,0.5749391043539208,1
385,O6,F10,0.8136510423622028,0.2262129682296121,0.26919970461965925,0.35973381812710814,0.1320922106083278,0.910712903707603,1
386,O7,F10,0.8143906825451062,0.3218519527145201,0.20495379868086772,0.0795604312938412,0.14820959426431582,0.6466981686467262,1
387,O8,F10,0.6213625310239359,0.5443356099572803,0.4512912553564752,0.18177258440295868,0.19340140386232044,0.8883128004264497,1
388,O9,F10,0.8010330272750554,0.19225401173808473,0.05081143557915896,0.553180918382868,0.05392877636745433,0.6003097443002244,1
389,O10,F10,0.8455931233950595,0.10803450268917317,0.04134136480215082,0.7153677922287534,0.06377766612052446,0.613049372701267,1
390,O11,F10,0.7641710279053489,0.20002798817684186,0.20889380418951836,0.5873705291322574,0.09506814795910293,1.0,1
391,O12,F10,0.6721103590144577,0.6883007627798371,0.34298816947363286,0.16740844143564704,0.1369981141763241,0.7286811249414128,1
392,O13,F10,0.675318702302838,0.5528206009285589,0.12148237644549612,0.07649850144292215,0.03734934753869004,0.595047986907021,1
393,O14,F10,0.8331669396823691,0.2157614004873567,0.018477563540000734,0.7036507282763357,0.04898107656904441,0.5491195693884784,1
394,O15,F10,0.6531259959010938,0.7224969974004137,0.24383338541487334,0.1840550280518531,0.022887628980193808,0.2959191609648436,1
395,O16,F10,0.795723289813099,0.183615654082018,0.02522874295448546,0.0,0.05151084704250833,0.5764167123181053,1
396,O17,F10,0.5665531290050163,0.6593008101969202,0.43866485132437283,0.18574184910534125,0.06038865830918619,0.4454183985174428,1
397,O18,F10,0.8727997271922723,0.14532865717450227,0.054150772557129065,0.9126785983707948,0.05938104905859229,0.6136034905932016,1
398,O19,F10,0.7911442752850455,0.23095754387293274,0.04305826795358492,0.4199447874738472,0.05179703971325758,0.5804492115418537,1
399,O20,F10,0.6860209034525475,0.2841088134478237,0.10799001309425144,0.7291349956162425,0.05046576803829597,0.6799838068601999,1
